{
  "dataset": "algebra2005",
  "method": "TutorLLM-conservative",
  "num_students": 9,
  "strategy_max": {
    "name": "\u6700\u9ad8\u5206\u7b56\u7565 (2\u6b21\u53d6\u6700\u9ad8)",
    "avg_learning_gain": 0.6126984126984127,
    "std_learning_gain": 0.2518525465732271,
    "median_learning_gain": 0.6666666666666667,
    "min_gain": 0.1428571428571429,
    "max_gain": 0.8571428571428573,
    "num_positive_gain": 9,
    "num_negative_gain": 0
  },
  "strategy_avg": {
    "name": "\u5e73\u5747\u5206\u7b56\u7565 (2\u6b21\u53d6\u5e73\u5747)",
    "avg_learning_gain": 0.5182539682539683,
    "std_learning_gain": 0.27478088570239434,
    "median_learning_gain": 0.4999999999999999,
    "min_gain": 7.930164461608261e-17,
    "max_gain": 0.8571428571428573,
    "num_positive_gain": 9,
    "num_negative_gain": 0
  },
  "strategy_min": {
    "name": "\u6700\u4f4e\u5206\u7b56\u7565 (2\u6b21\u53d6\u6700\u4f4e)",
    "avg_learning_gain": 0.42380952380952386,
    "std_learning_gain": 0.3275951680112336,
    "median_learning_gain": 0.4285714285714286,
    "min_gain": -0.14285714285714282,
    "max_gain": 0.8571428571428573,
    "num_positive_gain": 8,
    "num_negative_gain": 1
  },
  "note": "\u5305\u542b\u4e09\u79cd\u7b56\u7565\uff1a1) 2\u6b21\u6700\u9ad8\u5206 2) 2\u6b21\u5e73\u5747\u5206 3) 2\u6b21\u6700\u4f4e\u5206\uff0c\u5747\u5305\u542b\u6240\u6709learning gain\uff08\u542b\u8d1f\u6570\uff09",
  "students": [
    {
      "student_id": 48,
      "dataset": "algebra2005",
      "concept_text": "Find X@@@@ Simple",
      "concept_id": "37",
      "method": "TutorLLM",
      "original_accuracy": 0.44,
      "pre_test_accuracy": 0.4,
      "post_test_run1": 0.7,
      "post_test_run2": 0.7,
      "max_post_test_accuracy": 0.7,
      "avg_post_test_accuracy": 0.7,
      "min_post_test_accuracy": 0.7,
      "learning_gain_max": 0.4999999999999999,
      "learning_gain_avg": 0.4999999999999999,
      "learning_gain_min": 0.4999999999999999,
      "improvement_max": 0.29999999999999993,
      "improvement_avg": 0.29999999999999993,
      "improvement_min": 0.29999999999999993
    },
    {
      "student_id": 300,
      "dataset": "algebra2005",
      "concept_text": "Using large numbers",
      "concept_id": "28",
      "method": "TutorLLM",
      "original_accuracy": 0.4117647058823529,
      "pre_test_accuracy": 0.5,
      "post_test_run1": 0.8,
      "post_test_run2": 0.9,
      "max_post_test_accuracy": 0.9,
      "avg_post_test_accuracy": 0.8500000000000001,
      "min_post_test_accuracy": 0.8,
      "learning_gain_max": 0.8,
      "learning_gain_avg": 0.7000000000000002,
      "learning_gain_min": 0.6000000000000001,
      "improvement_max": 0.4,
      "improvement_avg": 0.3500000000000001,
      "improvement_min": 0.30000000000000004
    },
    {
      "student_id": 370,
      "dataset": "algebra2005",
      "concept_text": "Identifying units",
      "concept_id": "25",
      "method": "TutorLLM",
      "original_accuracy": 0.3333333333333333,
      "pre_test_accuracy": 0.4,
      "post_test_run1": 0.9,
      "post_test_run2": 0.9,
      "max_post_test_accuracy": 0.9,
      "avg_post_test_accuracy": 0.9,
      "min_post_test_accuracy": 0.9,
      "learning_gain_max": 0.8333333333333334,
      "learning_gain_avg": 0.8333333333333334,
      "learning_gain_min": 0.8333333333333334,
      "improvement_max": 0.5,
      "improvement_avg": 0.5,
      "improvement_min": 0.5
    },
    {
      "student_id": 109,
      "dataset": "algebra2005",
      "concept_text": "Write expression@@@@ negative slope",
      "concept_id": "44",
      "method": "TutorLLM",
      "original_accuracy": 0.391304347826087,
      "pre_test_accuracy": 0.3,
      "post_test_run1": 0.9,
      "post_test_run2": 0.9,
      "max_post_test_accuracy": 0.9,
      "avg_post_test_accuracy": 0.9,
      "min_post_test_accuracy": 0.9,
      "learning_gain_max": 0.8571428571428573,
      "learning_gain_avg": 0.8571428571428573,
      "learning_gain_min": 0.8571428571428573,
      "improvement_max": 0.6000000000000001,
      "improvement_avg": 0.6000000000000001,
      "improvement_min": 0.6000000000000001
    },
    {
      "student_id": 457,
      "dataset": "algebra2005",
      "concept_text": "Using difficult numbers",
      "concept_id": "33",
      "method": "TutorLLM",
      "original_accuracy": 0.4,
      "pre_test_accuracy": 0.4,
      "post_test_run1": 0.8,
      "post_test_run2": 0.5,
      "max_post_test_accuracy": 0.8,
      "avg_post_test_accuracy": 0.65,
      "min_post_test_accuracy": 0.5,
      "learning_gain_max": 0.6666666666666667,
      "learning_gain_avg": 0.4166666666666667,
      "learning_gain_min": 0.16666666666666663,
      "improvement_max": 0.4,
      "improvement_avg": 0.25,
      "improvement_min": 0.09999999999999998
    },
    {
      "student_id": 565,
      "dataset": "algebra2005",
      "concept_text": "Using small numbers",
      "concept_id": "31",
      "method": "TutorLLM",
      "original_accuracy": 0.3333333333333333,
      "pre_test_accuracy": 0.3,
      "post_test_run1": 0.6,
      "post_test_run2": 0.9,
      "max_post_test_accuracy": 0.9,
      "avg_post_test_accuracy": 0.75,
      "min_post_test_accuracy": 0.6,
      "learning_gain_max": 0.8571428571428573,
      "learning_gain_avg": 0.6428571428571429,
      "learning_gain_min": 0.4285714285714286,
      "improvement_max": 0.6000000000000001,
      "improvement_avg": 0.45,
      "improvement_min": 0.3
    },
    {
      "student_id": 52,
      "dataset": "algebra2005",
      "concept_text": "Find Y@@@@ positive slope",
      "concept_id": "38",
      "method": "TutorLLM",
      "original_accuracy": 0.28888888888888886,
      "pre_test_accuracy": 0.3,
      "post_test_run1": 0.2,
      "post_test_run2": 0.4,
      "max_post_test_accuracy": 0.4,
      "avg_post_test_accuracy": 0.30000000000000004,
      "min_post_test_accuracy": 0.2,
      "learning_gain_max": 0.1428571428571429,
      "learning_gain_avg": 7.930164461608261e-17,
      "learning_gain_min": -0.14285714285714282,
      "improvement_max": 0.10000000000000003,
      "improvement_avg": 5.551115123125783e-17,
      "improvement_min": -0.09999999999999998
    },
    {
      "student_id": 504,
      "dataset": "algebra2005",
      "concept_text": "Setting the slope",
      "concept_id": "88",
      "method": "TutorLLM",
      "original_accuracy": 0.21052631578947367,
      "pre_test_accuracy": 0.3,
      "post_test_run1": 0.6,
      "post_test_run2": 0.4,
      "max_post_test_accuracy": 0.6,
      "avg_post_test_accuracy": 0.5,
      "min_post_test_accuracy": 0.4,
      "learning_gain_max": 0.4285714285714286,
      "learning_gain_avg": 0.28571428571428575,
      "learning_gain_min": 0.1428571428571429,
      "improvement_max": 0.3,
      "improvement_avg": 0.2,
      "improvement_min": 0.10000000000000003
    },
    {
      "student_id": 120,
      "dataset": "algebra2005",
      "concept_text": "Write expression@@@@ negative slope",
      "concept_id": "44",
      "method": "TutorLLM",
      "original_accuracy": 0.36363636363636365,
      "pre_test_accuracy": 0.3,
      "post_test_run1": 0.6,
      "post_test_run2": 0.6,
      "max_post_test_accuracy": 0.6,
      "avg_post_test_accuracy": 0.6,
      "min_post_test_accuracy": 0.6,
      "learning_gain_max": 0.4285714285714286,
      "learning_gain_avg": 0.4285714285714286,
      "learning_gain_min": 0.4285714285714286,
      "improvement_max": 0.3,
      "improvement_avg": 0.3,
      "improvement_min": 0.3
    }
  ]
}