{
  "dataset": "nips_task34",
  "method": "MathChat-conservative",
  "num_students": 10,
  "strategy_max": {
    "name": "\u6700\u9ad8\u5206\u7b56\u7565 (2\u6b21\u53d6\u6700\u9ad8)",
    "avg_learning_gain": 0.4669047619047618,
    "std_learning_gain": 0.28862756364620945,
    "median_learning_gain": 0.4017857142857143,
    "min_gain": 0.0,
    "max_gain": 0.8333333333333334,
    "num_positive_gain": 10,
    "num_negative_gain": 0
  },
  "strategy_avg": {
    "name": "\u5e73\u5747\u5206\u7b56\u7565 (2\u6b21\u53d6\u5e73\u5747)",
    "avg_learning_gain": 0.3111309523809524,
    "std_learning_gain": 0.29800214100842204,
    "median_learning_gain": 0.2991071428571429,
    "min_gain": -0.09999999999999998,
    "max_gain": 0.8333333333333334,
    "num_positive_gain": 9,
    "num_negative_gain": 1
  },
  "strategy_min": {
    "name": "\u6700\u4f4e\u5206\u7b56\u7565 (2\u6b21\u53d6\u6700\u4f4e)",
    "avg_learning_gain": 0.15535714285714286,
    "std_learning_gain": 0.4947161124038797,
    "median_learning_gain": 0.19642857142857145,
    "min_gain": -1.0,
    "max_gain": 0.8333333333333334,
    "num_positive_gain": 9,
    "num_negative_gain": 1
  },
  "note": "\u5305\u542b\u4e09\u79cd\u7b56\u7565\uff1a1) 2\u6b21\u6700\u9ad8\u5206 2) 2\u6b21\u5e73\u5747\u5206 3) 2\u6b21\u6700\u4f4e\u5206\uff0c\u5747\u5305\u542b\u6240\u6709learning gain\uff08\u542b\u8d1f\u6570\uff09",
  "students": [
    {
      "student_id": 2114,
      "dataset": "nips_task34",
      "concept_text": "Multiples and Lowest Common Multiple",
      "concept_id": "1",
      "method": "MathChat",
      "original_accuracy": 0.4444444444444444,
      "pre_test_accuracy": 0.4,
      "post_test_run1": 0.9,
      "post_test_run2": 0.9,
      "max_post_test_accuracy": 0.9,
      "avg_post_test_accuracy": 0.9,
      "min_post_test_accuracy": 0.9,
      "learning_gain_max": 0.8333333333333334,
      "learning_gain_avg": 0.8333333333333334,
      "learning_gain_min": 0.8333333333333334,
      "improvement_max": 0.5,
      "improvement_avg": 0.5,
      "improvement_min": 0.5
    },
    {
      "student_id": 2641,
      "dataset": "nips_task34",
      "concept_text": "BIDMAS",
      "concept_id": "4",
      "method": "MathChat",
      "original_accuracy": 0.3333333333333333,
      "pre_test_accuracy": 0.3,
      "post_test_run1": 0.6,
      "post_test_run2": 0.3,
      "max_post_test_accuracy": 0.6,
      "avg_post_test_accuracy": 0.44999999999999996,
      "min_post_test_accuracy": 0.3,
      "learning_gain_max": 0.4285714285714286,
      "learning_gain_avg": 0.21428571428571425,
      "learning_gain_min": 0.0,
      "improvement_max": 0.3,
      "improvement_avg": 0.14999999999999997,
      "improvement_min": 0.0
    },
    {
      "student_id": 598,
      "dataset": "nips_task34",
      "concept_text": "Linear Sequences (nth term)",
      "concept_id": "28",
      "method": "MathChat",
      "original_accuracy": 0.2,
      "pre_test_accuracy": 0.2,
      "post_test_run1": 0.5,
      "post_test_run2": 0.5,
      "max_post_test_accuracy": 0.5,
      "avg_post_test_accuracy": 0.5,
      "min_post_test_accuracy": 0.5,
      "learning_gain_max": 0.37499999999999994,
      "learning_gain_avg": 0.37499999999999994,
      "learning_gain_min": 0.37499999999999994,
      "improvement_max": 0.3,
      "improvement_avg": 0.3,
      "improvement_min": 0.3
    },
    {
      "student_id": 1293,
      "dataset": "nips_task34",
      "concept_text": "Types, Naming and Estimating",
      "concept_id": "15",
      "method": "MathChat",
      "original_accuracy": 0.25,
      "pre_test_accuracy": 0.3,
      "post_test_run1": 0.3,
      "post_test_run2": 0.3,
      "max_post_test_accuracy": 0.3,
      "avg_post_test_accuracy": 0.3,
      "min_post_test_accuracy": 0.3,
      "learning_gain_max": 0.0,
      "learning_gain_avg": 0.0,
      "learning_gain_min": 0.0,
      "improvement_max": 0.0,
      "improvement_avg": 0.0,
      "improvement_min": 0.0
    },
    {
      "student_id": 2010,
      "dataset": "nips_task34",
      "concept_text": "Time",
      "concept_id": "26",
      "method": "MathChat",
      "original_accuracy": 0.3333333333333333,
      "pre_test_accuracy": 0.4,
      "post_test_run1": 0.5,
      "post_test_run2": 0.4,
      "max_post_test_accuracy": 0.5,
      "avg_post_test_accuracy": 0.45,
      "min_post_test_accuracy": 0.4,
      "learning_gain_max": 0.16666666666666663,
      "learning_gain_avg": 0.08333333333333331,
      "learning_gain_min": 0.0,
      "improvement_max": 0.09999999999999998,
      "improvement_avg": 0.04999999999999999,
      "improvement_min": 0.0
    },
    {
      "student_id": 1420,
      "dataset": "nips_task34",
      "concept_text": "Prime Numbers and Prime Factors",
      "concept_id": "3",
      "method": "MathChat",
      "original_accuracy": 0.14285714285714285,
      "pre_test_accuracy": 0.2,
      "post_test_run1": 0.4,
      "post_test_run2": 0.5,
      "max_post_test_accuracy": 0.5,
      "avg_post_test_accuracy": 0.45,
      "min_post_test_accuracy": 0.4,
      "learning_gain_max": 0.37499999999999994,
      "learning_gain_avg": 0.3125,
      "learning_gain_min": 0.25,
      "improvement_max": 0.3,
      "improvement_avg": 0.25,
      "improvement_min": 0.2
    },
    {
      "student_id": 2173,
      "dataset": "nips_task34",
      "concept_text": "Solving Linear Inequalities",
      "concept_id": "13",
      "method": "MathChat",
      "original_accuracy": 0.42857142857142855,
      "pre_test_accuracy": 0.5,
      "post_test_run1": 0.9,
      "post_test_run2": 0.0,
      "max_post_test_accuracy": 0.9,
      "avg_post_test_accuracy": 0.45,
      "min_post_test_accuracy": 0.0,
      "learning_gain_max": 0.8,
      "learning_gain_avg": -0.09999999999999998,
      "learning_gain_min": -1.0,
      "improvement_max": 0.4,
      "improvement_avg": -0.04999999999999999,
      "improvement_min": -0.5
    },
    {
      "student_id": 109,
      "dataset": "nips_task34",
      "concept_text": "Factors and Highest Common Factor",
      "concept_id": "2",
      "method": "MathChat",
      "original_accuracy": 0.3333333333333333,
      "pre_test_accuracy": 0.3,
      "post_test_run1": 0.7,
      "post_test_run2": 0.4,
      "max_post_test_accuracy": 0.7,
      "avg_post_test_accuracy": 0.55,
      "min_post_test_accuracy": 0.4,
      "learning_gain_max": 0.5714285714285714,
      "learning_gain_avg": 0.35714285714285726,
      "learning_gain_min": 0.1428571428571429,
      "improvement_max": 0.39999999999999997,
      "improvement_avg": 0.25000000000000006,
      "improvement_min": 0.10000000000000003
    },
    {
      "student_id": 137,
      "dataset": "nips_task34",
      "concept_text": "Construct Triangle",
      "concept_id": "20",
      "method": "MathChat",
      "original_accuracy": 0.3333333333333333,
      "pre_test_accuracy": 0.3,
      "post_test_run1": 0.5,
      "post_test_run2": 0.5,
      "max_post_test_accuracy": 0.5,
      "avg_post_test_accuracy": 0.5,
      "min_post_test_accuracy": 0.5,
      "learning_gain_max": 0.28571428571428575,
      "learning_gain_avg": 0.28571428571428575,
      "learning_gain_min": 0.28571428571428575,
      "improvement_max": 0.2,
      "improvement_avg": 0.2,
      "improvement_min": 0.2
    },
    {
      "student_id": 2642,
      "dataset": "nips_task34",
      "concept_text": "Prime Numbers and Prime Factors",
      "concept_id": "3",
      "method": "MathChat",
      "original_accuracy": 0.375,
      "pre_test_accuracy": 0.4,
      "post_test_run1": 0.9,
      "post_test_run2": 0.8,
      "max_post_test_accuracy": 0.9,
      "avg_post_test_accuracy": 0.8500000000000001,
      "min_post_test_accuracy": 0.8,
      "learning_gain_max": 0.8333333333333334,
      "learning_gain_avg": 0.7500000000000001,
      "learning_gain_min": 0.6666666666666667,
      "improvement_max": 0.5,
      "improvement_avg": 0.45000000000000007,
      "improvement_min": 0.4
    }
  ]
}