{
  "method": "pre-test",
  "dataset": "algebra2005",
  "num_students_evaluated": 574,
  "average_original_accuracy": 0.6788362066070854,
  "average_roleplay_accuracy": 0.8266550522648077,
  "average_absolute_deviation": 0.18209727285534485,
  "performance_by_level": {
    "struggling": {
      "range": "<40%",
      "num_students": 87,
      "avg_original_accuracy": 0.1961732987214138,
      "avg_roleplay_accuracy": 0.29999999999999993,
      "avg_deviation": 0.16419652697604215
    },
    "developing": {
      "range": "40-60%",
      "num_students": 93,
      "avg_original_accuracy": 0.5060518528657154,
      "avg_roleplay_accuracy": 0.8139784946236557,
      "avg_deviation": 0.3087868568117042
    },
    "competent": {
      "range": "60-80%",
      "num_students": 166,
      "avg_original_accuracy": 0.689566374509876,
      "avg_roleplay_accuracy": 0.942168674698796,
      "avg_deviation": 0.2546418871080238
    },
    "strong": {
      "range": "\u226580%",
      "num_students": 228,
      "avg_original_accuracy": 0.9256757242041777,
      "avg_roleplay_accuracy": 0.9486842105263165,
      "avg_deviation": 0.08443423609048988
    }
  }
}