{
  "dataset": "assist2017",
  "method": "MathChat-conservative",
  "num_students": 7,
  "strategy_max": {
    "name": "\u6700\u9ad8\u5206\u7b56\u7565 (2\u6b21\u53d6\u6700\u9ad8)",
    "avg_learning_gain": 0.34693877551020413,
    "std_learning_gain": 0.2604059359629132,
    "median_learning_gain": 0.28571428571428575,
    "min_gain": 0.0,
    "max_gain": 0.7142857142857143,
    "num_positive_gain": 7,
    "num_negative_gain": 0
  },
  "strategy_avg": {
    "name": "\u5e73\u5747\u5206\u7b56\u7565 (2\u6b21\u53d6\u5e73\u5747)",
    "avg_learning_gain": 0.22959183673469394,
    "std_learning_gain": 0.2729207699674472,
    "median_learning_gain": 0.28571428571428575,
    "min_gain": -0.16666666666666663,
    "max_gain": 0.5833333333333334,
    "num_positive_gain": 6,
    "num_negative_gain": 1
  },
  "strategy_min": {
    "name": "\u6700\u4f4e\u5206\u7b56\u7565 (2\u6b21\u53d6\u6700\u4f4e)",
    "avg_learning_gain": 0.11224489795918366,
    "std_learning_gain": 0.3130791792955393,
    "median_learning_gain": 0.28571428571428575,
    "min_gain": -0.33333333333333337,
    "max_gain": 0.4999999999999999,
    "num_positive_gain": 4,
    "num_negative_gain": 3
  },
  "note": "\u5305\u542b\u4e09\u79cd\u7b56\u7565\uff1a1) 2\u6b21\u6700\u9ad8\u5206 2) 2\u6b21\u5e73\u5747\u5206 3) 2\u6b21\u6700\u4f4e\u5206\uff0c\u5747\u5305\u542b\u6240\u6709learning gain\uff08\u542b\u8d1f\u6570\uff09",
  "students": [
    {
      "student_id": 119,
      "dataset": "assist2017",
      "concept_text": "equivalent-fractions-decimals-percents",
      "concept_id": "27",
      "method": "MathChat",
      "original_accuracy": 0.4166666666666667,
      "pre_test_accuracy": 0.4,
      "post_test_run1": 0.6,
      "post_test_run2": 0.6,
      "max_post_test_accuracy": 0.6,
      "avg_post_test_accuracy": 0.6,
      "min_post_test_accuracy": 0.6,
      "learning_gain_max": 0.33333333333333326,
      "learning_gain_avg": 0.33333333333333326,
      "learning_gain_min": 0.33333333333333326,
      "improvement_max": 0.19999999999999996,
      "improvement_avg": 0.19999999999999996,
      "improvement_min": 0.19999999999999996
    },
    {
      "student_id": 774,
      "dataset": "assist2017",
      "concept_text": "percents",
      "concept_id": "68",
      "method": "MathChat",
      "original_accuracy": 0.3,
      "pre_test_accuracy": 0.3,
      "post_test_run1": 0.2,
      "post_test_run2": 0.5,
      "max_post_test_accuracy": 0.5,
      "avg_post_test_accuracy": 0.35,
      "min_post_test_accuracy": 0.2,
      "learning_gain_max": 0.28571428571428575,
      "learning_gain_avg": 0.07142857142857141,
      "learning_gain_min": -0.14285714285714282,
      "improvement_max": 0.2,
      "improvement_avg": 0.04999999999999999,
      "improvement_min": -0.09999999999999998
    },
    {
      "student_id": 491,
      "dataset": "assist2017",
      "concept_text": "percents",
      "concept_id": "68",
      "method": "MathChat",
      "original_accuracy": 0.2727272727272727,
      "pre_test_accuracy": 0.3,
      "post_test_run1": 0.5,
      "post_test_run2": 0.8,
      "max_post_test_accuracy": 0.8,
      "avg_post_test_accuracy": 0.65,
      "min_post_test_accuracy": 0.5,
      "learning_gain_max": 0.7142857142857143,
      "learning_gain_avg": 0.5000000000000001,
      "learning_gain_min": 0.28571428571428575,
      "improvement_max": 0.5,
      "improvement_avg": 0.35000000000000003,
      "improvement_min": 0.2
    },
    {
      "student_id": 570,
      "dataset": "assist2017",
      "concept_text": "sum-of-interior-angles-triangle",
      "concept_id": "36",
      "method": "MathChat",
      "original_accuracy": 0.2,
      "pre_test_accuracy": 0.3,
      "post_test_run1": 0.4,
      "post_test_run2": 0.2,
      "max_post_test_accuracy": 0.4,
      "avg_post_test_accuracy": 0.30000000000000004,
      "min_post_test_accuracy": 0.2,
      "learning_gain_max": 0.1428571428571429,
      "learning_gain_avg": 7.930164461608261e-17,
      "learning_gain_min": -0.14285714285714282,
      "improvement_max": 0.10000000000000003,
      "improvement_avg": 5.551115123125783e-17,
      "improvement_min": -0.09999999999999998
    },
    {
      "student_id": 1093,
      "dataset": "assist2017",
      "concept_text": "discount",
      "concept_id": "35",
      "method": "MathChat",
      "original_accuracy": 0.2,
      "pre_test_accuracy": 0.3,
      "post_test_run1": 0.5,
      "post_test_run2": 0.5,
      "max_post_test_accuracy": 0.5,
      "avg_post_test_accuracy": 0.5,
      "min_post_test_accuracy": 0.5,
      "learning_gain_max": 0.28571428571428575,
      "learning_gain_avg": 0.28571428571428575,
      "learning_gain_min": 0.28571428571428575,
      "improvement_max": 0.2,
      "improvement_avg": 0.2,
      "improvement_min": 0.2
    },
    {
      "student_id": 183,
      "dataset": "assist2017",
      "concept_text": "fraction-multiplication",
      "concept_id": "29",
      "method": "MathChat",
      "original_accuracy": 0.375,
      "pre_test_accuracy": 0.4,
      "post_test_run1": 0.2,
      "post_test_run2": 0.4,
      "max_post_test_accuracy": 0.4,
      "avg_post_test_accuracy": 0.30000000000000004,
      "min_post_test_accuracy": 0.2,
      "learning_gain_max": 0.0,
      "learning_gain_avg": -0.16666666666666663,
      "learning_gain_min": -0.33333333333333337,
      "improvement_max": 0.0,
      "improvement_avg": -0.09999999999999998,
      "improvement_min": -0.2
    },
    {
      "student_id": 1098,
      "dataset": "assist2017",
      "concept_text": "combinatorics",
      "concept_id": "59",
      "method": "MathChat",
      "original_accuracy": 0.375,
      "pre_test_accuracy": 0.4,
      "post_test_run1": 0.8,
      "post_test_run2": 0.7,
      "max_post_test_accuracy": 0.8,
      "avg_post_test_accuracy": 0.75,
      "min_post_test_accuracy": 0.7,
      "learning_gain_max": 0.6666666666666667,
      "learning_gain_avg": 0.5833333333333334,
      "learning_gain_min": 0.4999999999999999,
      "improvement_max": 0.4,
      "improvement_avg": 0.35,
      "improvement_min": 0.29999999999999993
    }
  ]
}