{
  "student_id": 570,
  "dataset": "assist2017",
  "concept_text": "sum-of-interior-angles-triangle",
  "concept_id": "36",
  "method": "MathChat",
  "original_accuracy": 0.2,
  "pre_test_accuracy": 0.3,
  "post_test_run1": 0.4,
  "post_test_run2": 0.2,
  "max_post_test_accuracy": 0.4,
  "avg_post_test_accuracy": 0.30000000000000004,
  "min_post_test_accuracy": 0.2,
  "learning_gain_max": 0.1428571428571429,
  "learning_gain_avg": 7.930164461608261e-17,
  "learning_gain_min": -0.14285714285714282,
  "improvement_max": 0.10000000000000003,
  "improvement_avg": 5.551115123125783e-17,
  "improvement_min": -0.09999999999999998
}