{
  "method": "pre-test",
  "dataset": "bridge2006",
  "num_students_evaluated": 1138,
  "average_original_accuracy": 0.7342675403255007,
  "average_roleplay_accuracy": 0.8139718804920871,
  "average_absolute_deviation": 0.18554171951981677,
  "performance_by_level": {
    "struggling": {
      "range": "<40%",
      "num_students": 113,
      "avg_original_accuracy": 0.24109061049734526,
      "avg_roleplay_accuracy": 0.3699115044247788,
      "avg_deviation": 0.20934659591681468
    },
    "developing": {
      "range": "40-60%",
      "num_students": 191,
      "avg_original_accuracy": 0.49868023275121487,
      "avg_roleplay_accuracy": 0.7434554973821994,
      "avg_deviation": 0.2729554340492196
    },
    "competent": {
      "range": "60-80%",
      "num_students": 274,
      "avg_original_accuracy": 0.6947727613603868,
      "avg_roleplay_accuracy": 0.8956204379562059,
      "avg_deviation": 0.2373179581390903
    },
    "strong": {
      "range": "\u226580%",
      "num_students": 560,
      "avg_original_accuracy": 0.9334599300642695,
      "avg_roleplay_accuracy": 0.8876785714285701,
      "avg_deviation": 0.12559054114542892
    }
  }
}