{
  "datasets": [
    "algebra2005",
    "bridge2006"
  ],
  "start_time": "2025-10-20T19:18:40.111265",
  "total_time_minutes": 41.963933408260345,
  "results": {
    "algebra2005": true,
    "bridge2006": true
  },
  "max_workers": 10,
  "algebra2005": {
    "num_students": 26,
    "avg_learning_gain": 0.47527472527472536,
    "median_learning_gain": 0.5714285714285714
  },
  "bridge2006": {
    "num_students": 45,
    "avg_learning_gain": 0.4667724867724867,
    "median_learning_gain": 0.4999999999999999
  }
}