{
  "student_id": 1101,
  "dataset": "assist2017",
  "concept_text": "combinatorics",
  "concept_id": "59",
  "original_accuracy": 0.38461538461538464,
  "pre_test_accuracy": 0.4,
  "accuracy_deviation": 0.015384615384615385,
  "num_runs": 2,
  "run1": {
    "run_id": 1,
    "post_test_accuracy": 0.7,
    "learning_gain": 0.4999999999999999,
    "improvement": 0.29999999999999993
  },
  "run2": {
    "run_id": 2,
    "post_test_accuracy": 0.7,
    "learning_gain": 0.4999999999999999,
    "improvement": 0.29999999999999993
  },
  "best_run": 1,
  "best_post_test_accuracy": 0.7,
  "best_learning_gain": 0.4999999999999999,
  "best_improvement": 0.29999999999999993
}