{
  "student_id": 392,
  "dataset": "assist2017",
  "concept_text": "percents",
  "concept_id": "68",
  "original_accuracy": 0.46153846153846156,
  "pre_test_accuracy": 0.5,
  "accuracy_deviation": 0.038461538461538436,
  "num_runs": 2,
  "run1": {
    "run_id": 1,
    "post_test_accuracy": 0.5,
    "learning_gain": 0.0,
    "improvement": 0.0
  },
  "run2": {
    "run_id": 2,
    "post_test_accuracy": 0.7,
    "learning_gain": 0.3999999999999999,
    "improvement": 0.19999999999999996
  },
  "best_run": 2,
  "best_post_test_accuracy": 0.7,
  "best_learning_gain": 0.3999999999999999,
  "best_improvement": 0.19999999999999996
}