{
  "student_id": 937,
  "dataset": "assist2017",
  "concept_text": "comparing-fractions",
  "concept_id": "50",
  "original_accuracy": 0.5,
  "pre_test_accuracy": 0.4,
  "accuracy_deviation": 0.09999999999999998,
  "num_runs": 2,
  "run1": {
    "run_id": 1,
    "post_test_accuracy": 0.7,
    "learning_gain": 0.4999999999999999,
    "improvement": 0.29999999999999993
  },
  "run2": {
    "run_id": 2,
    "post_test_accuracy": 0.7,
    "learning_gain": 0.4999999999999999,
    "improvement": 0.29999999999999993
  },
  "best_run": 1,
  "best_post_test_accuracy": 0.7,
  "best_learning_gain": 0.4999999999999999,
  "best_improvement": 0.29999999999999993
}