{
  "student_id": 583,
  "dataset": "assist2017",
  "concept_text": "isosceles-triangle",
  "concept_id": "8",
  "original_accuracy": 0.4,
  "pre_test_accuracy": 0.5,
  "accuracy_deviation": 0.09999999999999998,
  "num_runs": 2,
  "run1": {
    "run_id": 1,
    "post_test_accuracy": 0.6,
    "learning_gain": 0.19999999999999996,
    "improvement": 0.09999999999999998
  },
  "run2": {
    "run_id": 2,
    "post_test_accuracy": 0.6,
    "learning_gain": 0.19999999999999996,
    "improvement": 0.09999999999999998
  },
  "best_run": 1,
  "best_post_test_accuracy": 0.6,
  "best_learning_gain": 0.19999999999999996,
  "best_improvement": 0.09999999999999998
}