{
  "student_id": 889,
  "dataset": "assist2017",
  "concept_text": "percent-of",
  "concept_id": "25",
  "original_accuracy": 0.42857142857142855,
  "pre_test_accuracy": 0.4,
  "accuracy_deviation": 0.028571428571428525,
  "num_runs": 2,
  "run1": {
    "run_id": 1,
    "post_test_accuracy": 0.9,
    "learning_gain": 0.8333333333333334,
    "improvement": 0.5
  },
  "run2": {
    "run_id": 2,
    "post_test_accuracy": 0.6,
    "learning_gain": 0.33333333333333326,
    "improvement": 0.19999999999999996
  },
  "best_run": 1,
  "best_post_test_accuracy": 0.9,
  "best_learning_gain": 0.8333333333333334,
  "best_improvement": 0.5
}