{
  "student_id": 183,
  "dataset": "assist2017",
  "concept_text": "fraction-multiplication",
  "concept_id": "29",
  "original_accuracy": 0.375,
  "pre_test_accuracy": 0.4,
  "accuracy_deviation": 0.025000000000000022,
  "num_runs": 2,
  "run1": {
    "run_id": 1,
    "post_test_accuracy": 0.6,
    "learning_gain": 0.33333333333333326,
    "improvement": 0.19999999999999996
  },
  "run2": {
    "run_id": 2,
    "post_test_accuracy": 0.6,
    "learning_gain": 0.33333333333333326,
    "improvement": 0.19999999999999996
  },
  "best_run": 1,
  "best_post_test_accuracy": 0.6,
  "best_learning_gain": 0.33333333333333326,
  "best_improvement": 0.19999999999999996
}