{
  "student_id": 14,
  "dataset": "assist2017",
  "concept_text": "subtraction",
  "concept_id": "38",
  "original_accuracy": 0.45,
  "pre_test_accuracy": 0.5,
  "accuracy_deviation": 0.04999999999999999,
  "num_runs": 2,
  "run1": {
    "run_id": 1,
    "post_test_accuracy": 0.4,
    "learning_gain": -0.19999999999999996,
    "improvement": -0.09999999999999998
  },
  "run2": {
    "run_id": 2,
    "post_test_accuracy": 0.7,
    "learning_gain": 0.3999999999999999,
    "improvement": 0.19999999999999996
  },
  "best_run": 2,
  "best_post_test_accuracy": 0.7,
  "best_learning_gain": 0.3999999999999999,
  "best_improvement": 0.19999999999999996
}