{
  "student_id": 1449,
  "dataset": "assist2017",
  "concept_text": "percents",
  "concept_id": "68",
  "original_accuracy": 0.3333333333333333,
  "pre_test_accuracy": 0.3,
  "accuracy_deviation": 0.033333333333333326,
  "num_runs": 2,
  "run1": {
    "run_id": 1,
    "post_test_accuracy": 0.3,
    "learning_gain": 0.0,
    "improvement": 0.0
  },
  "run2": {
    "run_id": 2,
    "post_test_accuracy": 0.7,
    "learning_gain": 0.5714285714285714,
    "improvement": 0.39999999999999997
  },
  "best_run": 2,
  "best_post_test_accuracy": 0.7,
  "best_learning_gain": 0.5714285714285714,
  "best_improvement": 0.39999999999999997
}