{
  "student_id": 1212,
  "dataset": "assist2017",
  "concept_text": "perimeter",
  "concept_id": "6",
  "original_accuracy": 0.25,
  "pre_test_accuracy": 0.3,
  "accuracy_deviation": 0.04999999999999999,
  "num_runs": 2,
  "run1": {
    "run_id": 1,
    "post_test_accuracy": 0.4,
    "learning_gain": 0.1428571428571429,
    "improvement": 0.10000000000000003
  },
  "run2": {
    "run_id": 2,
    "post_test_accuracy": 0.4,
    "learning_gain": 0.1428571428571429,
    "improvement": 0.10000000000000003
  },
  "best_run": 1,
  "best_post_test_accuracy": 0.4,
  "best_learning_gain": 0.1428571428571429,
  "best_improvement": 0.10000000000000003
}