{
  "student_id": 1482,
  "dataset": "assist2017",
  "concept_text": "multiplying-decimals",
  "concept_id": "10",
  "original_accuracy": 0.2727272727272727,
  "pre_test_accuracy": 0.3,
  "accuracy_deviation": 0.027272727272727282,
  "num_runs": 2,
  "run1": {
    "run_id": 1,
    "post_test_accuracy": 0.4,
    "learning_gain": 0.1428571428571429,
    "improvement": 0.10000000000000003
  },
  "run2": {
    "run_id": 2,
    "post_test_accuracy": 0.5,
    "learning_gain": 0.28571428571428575,
    "improvement": 0.2
  },
  "best_run": 2,
  "best_post_test_accuracy": 0.5,
  "best_learning_gain": 0.28571428571428575,
  "best_improvement": 0.2
}