{
  "student_id": 32,
  "dataset": "assist2017",
  "concept_text": "least-common-multiple",
  "concept_id": "77",
  "original_accuracy": 0.375,
  "pre_test_accuracy": 0.4,
  "accuracy_deviation": 0.025000000000000022,
  "num_runs": 2,
  "run1": {
    "run_id": 1,
    "post_test_accuracy": 0.7,
    "learning_gain": 0.4999999999999999,
    "improvement": 0.29999999999999993
  },
  "run2": {
    "run_id": 2,
    "post_test_accuracy": 0.5,
    "learning_gain": 0.16666666666666663,
    "improvement": 0.09999999999999998
  },
  "best_run": 1,
  "best_post_test_accuracy": 0.7,
  "best_learning_gain": 0.4999999999999999,
  "best_improvement": 0.29999999999999993
}