{
  "student_id": 710,
  "dataset": "assist2017",
  "concept_text": "equation-solving",
  "concept_id": "34",
  "original_accuracy": 0.375,
  "pre_test_accuracy": 0.4,
  "accuracy_deviation": 0.025000000000000022,
  "num_runs": 2,
  "run1": {
    "run_id": 1,
    "post_test_accuracy": 0.3,
    "learning_gain": -0.16666666666666674,
    "improvement": -0.10000000000000003
  },
  "run2": {
    "run_id": 2,
    "post_test_accuracy": 0.6,
    "learning_gain": 0.33333333333333326,
    "improvement": 0.19999999999999996
  },
  "best_run": 2,
  "best_post_test_accuracy": 0.6,
  "best_learning_gain": 0.33333333333333326,
  "best_improvement": 0.19999999999999996
}