{
  "student_id": 1130,
  "dataset": "assist2017",
  "concept_text": "area-of-circle",
  "concept_id": "91",
  "original_accuracy": 0.25,
  "pre_test_accuracy": 0.3,
  "accuracy_deviation": 0.04999999999999999,
  "num_runs": 2,
  "run1": {
    "run_id": 1,
    "post_test_accuracy": 0.5,
    "learning_gain": 0.28571428571428575,
    "improvement": 0.2
  },
  "run2": {
    "run_id": 2,
    "post_test_accuracy": 0.7,
    "learning_gain": 0.5714285714285714,
    "improvement": 0.39999999999999997
  },
  "best_run": 2,
  "best_post_test_accuracy": 0.7,
  "best_learning_gain": 0.5714285714285714,
  "best_improvement": 0.39999999999999997
}