{
  "student_id": 491,
  "dataset": "assist2017",
  "concept_text": "percents",
  "concept_id": "68",
  "original_accuracy": 0.2727272727272727,
  "pre_test_accuracy": 0.3,
  "accuracy_deviation": 0.027272727272727282,
  "num_runs": 2,
  "run1": {
    "run_id": 1,
    "post_test_accuracy": 0.6,
    "learning_gain": 0.4285714285714286,
    "improvement": 0.3
  },
  "run2": {
    "run_id": 2,
    "post_test_accuracy": 0.4,
    "learning_gain": 0.1428571428571429,
    "improvement": 0.10000000000000003
  },
  "best_run": 1,
  "best_post_test_accuracy": 0.6,
  "best_learning_gain": 0.4285714285714286,
  "best_improvement": 0.3
}