{
  "student_id": 464,
  "dataset": "assist2017",
  "concept_text": "supplementary-angles",
  "concept_id": "30",
  "original_accuracy": 0.25,
  "pre_test_accuracy": 0.3,
  "accuracy_deviation": 0.04999999999999999,
  "num_runs": 2,
  "run1": {
    "run_id": 1,
    "post_test_accuracy": 0.9,
    "learning_gain": 0.8571428571428573,
    "improvement": 0.6000000000000001
  },
  "run2": {
    "run_id": 2,
    "post_test_accuracy": 0.9,
    "learning_gain": 0.8571428571428573,
    "improvement": 0.6000000000000001
  },
  "best_run": 1,
  "best_post_test_accuracy": 0.9,
  "best_learning_gain": 0.8571428571428573,
  "best_improvement": 0.6000000000000001
}