{
  "student_id": 728,
  "dataset": "assist2017",
  "concept_text": "supplementary-angles",
  "concept_id": "30",
  "original_accuracy": 0.2222222222222222,
  "pre_test_accuracy": 0.3,
  "accuracy_deviation": 0.07777777777777778,
  "num_runs": 2,
  "run1": {
    "run_id": 1,
    "post_test_accuracy": 0.6,
    "learning_gain": 0.4285714285714286,
    "improvement": 0.3
  },
  "run2": {
    "run_id": 2,
    "post_test_accuracy": 0.9,
    "learning_gain": 0.8571428571428573,
    "improvement": 0.6000000000000001
  },
  "best_run": 2,
  "best_post_test_accuracy": 0.9,
  "best_learning_gain": 0.8571428571428573,
  "best_improvement": 0.6000000000000001
}