{
  "student_id": 758,
  "dataset": "assist2017",
  "concept_text": "sum-of-interior-angles-more-than-3-sides",
  "concept_id": "1",
  "original_accuracy": 0.2631578947368421,
  "pre_test_accuracy": 0.3,
  "accuracy_deviation": 0.0368421052631579,
  "num_runs": 2,
  "run1": {
    "run_id": 1,
    "post_test_accuracy": 0.9,
    "learning_gain": 0.8571428571428573,
    "improvement": 0.6000000000000001
  },
  "run2": {
    "run_id": 2,
    "post_test_accuracy": 0.6,
    "learning_gain": 0.4285714285714286,
    "improvement": 0.3
  },
  "best_run": 1,
  "best_post_test_accuracy": 0.9,
  "best_learning_gain": 0.8571428571428573,
  "best_improvement": 0.6000000000000001
}