{
  "student_id": 570,
  "dataset": "assist2017",
  "concept_text": "sum-of-interior-angles-triangle",
  "concept_id": "36",
  "method": "PSS-MV",
  "original_accuracy": 0.2,
  "pre_test_accuracy": 0.3,
  "post_test_run1": 0.1,
  "post_test_run2": 0.2,
  "max_post_test_accuracy": 0.2,
  "avg_post_test_accuracy": 0.15000000000000002,
  "min_post_test_accuracy": 0.1,
  "learning_gain_max": -0.14285714285714282,
  "learning_gain_avg": -0.21428571428571425,
  "learning_gain_min": -0.2857142857142857,
  "improvement_max": -0.09999999999999998,
  "improvement_avg": -0.14999999999999997,
  "improvement_min": -0.19999999999999998
}