{
  "student_id": 843,
  "dataset": "bridge2006",
  "concept_text": "Identify larger quantity -- subtraction",
  "concept_id": "15",
  "method": "Vanilla-ICL",
  "original_accuracy": 0.2857142857142857,
  "pre_test_accuracy": 0.3,
  "post_test_run1": 0.7,
  "post_test_run2": 0.6,
  "max_post_test_accuracy": 0.7,
  "avg_post_test_accuracy": 0.6499999999999999,
  "min_post_test_accuracy": 0.6,
  "learning_gain_max": 0.5714285714285714,
  "learning_gain_avg": 0.49999999999999994,
  "learning_gain_min": 0.4285714285714286,
  "improvement_max": 0.39999999999999997,
  "improvement_avg": 0.3499999999999999,
  "improvement_min": 0.3
}