{
  "method": "pre-test",
  "dataset": "nips_task34",
  "num_students_evaluated": 3000,
  "average_original_accuracy": 0.5726656103156099,
  "average_roleplay_accuracy": 0.6661666666666731,
  "average_absolute_deviation": 0.19484010735852927,
  "performance_by_level": {
    "struggling": {
      "range": "<40%",
      "num_students": 876,
      "avg_original_accuracy": 0.23802867795483085,
      "avg_roleplay_accuracy": 0.34566210045662166,
      "avg_deviation": 0.18818535007967357
    },
    "developing": {
      "range": "40-60%",
      "num_students": 684,
      "avg_original_accuracy": 0.48952282883492426,
      "avg_roleplay_accuracy": 0.6831871345029237,
      "avg_deviation": 0.23966435824699892
    },
    "competent": {
      "range": "60-80%",
      "num_students": 678,
      "avg_original_accuracy": 0.6851106279412555,
      "avg_roleplay_accuracy": 0.8361356932153357,
      "avg_deviation": 0.22770909257525393
    },
    "strong": {
      "range": "\u226580%",
      "num_students": 762,
      "avg_original_accuracy": 0.9319489348965118,
      "avg_roleplay_accuracy": 0.8681102362204676,
      "avg_deviation": 0.13300888398795557
    }
  }
}