{
  "dataset": "nips_task34",
  "method": "MathChat-conservative",
  "num_students": 6,
  "strategy_max": {
    "name": "\u6700\u9ad8\u5206\u7b56\u7565 (2\u6b21\u53d6\u6700\u9ad8)",
    "avg_learning_gain": 0.4503968253968254,
    "std_learning_gain": 0.35254313084796834,
    "median_learning_gain": 0.39285714285714285,
    "min_gain": 0.0,
    "max_gain": 1.0,
    "num_positive_gain": 6,
    "num_negative_gain": 0
  },
  "strategy_avg": {
    "name": "\u5e73\u5747\u5206\u7b56\u7565 (2\u6b21\u53d6\u5e73\u5747)",
    "avg_learning_gain": 0.34940476190476183,
    "std_learning_gain": 0.34046162139991415,
    "median_learning_gain": 0.3125,
    "min_gain": -0.07142857142857141,
    "max_gain": 0.8999999999999999,
    "num_positive_gain": 5,
    "num_negative_gain": 1
  },
  "strategy_min": {
    "name": "\u6700\u4f4e\u5206\u7b56\u7565 (2\u6b21\u53d6\u6700\u4f4e)",
    "avg_learning_gain": 0.24841269841269842,
    "std_learning_gain": 0.33392096729026993,
    "median_learning_gain": 0.22916666666666663,
    "min_gain": -0.14285714285714282,
    "max_gain": 0.8,
    "num_positive_gain": 5,
    "num_negative_gain": 1
  },
  "note": "\u5305\u542b\u4e09\u79cd\u7b56\u7565\uff1a1) 2\u6b21\u6700\u9ad8\u5206 2) 2\u6b21\u5e73\u5747\u5206 3) 2\u6b21\u6700\u4f4e\u5206\uff0c\u5747\u5305\u542b\u6240\u6709learning gain\uff08\u542b\u8d1f\u6570\uff09",
  "students": [
    {
      "student_id": 1293,
      "dataset": "nips_task34",
      "concept_text": "Types, Naming and Estimating",
      "concept_id": "15",
      "method": "MathChat",
      "original_accuracy": 0.25,
      "pre_test_accuracy": 0.3,
      "post_test_run1": 0.3,
      "post_test_run2": 0.2,
      "max_post_test_accuracy": 0.3,
      "avg_post_test_accuracy": 0.25,
      "min_post_test_accuracy": 0.2,
      "learning_gain_max": 0.0,
      "learning_gain_avg": -0.07142857142857141,
      "learning_gain_min": -0.14285714285714282,
      "improvement_max": 0.0,
      "improvement_avg": -0.04999999999999999,
      "improvement_min": -0.09999999999999998
    },
    {
      "student_id": 2114,
      "dataset": "nips_task34",
      "concept_text": "Multiples and Lowest Common Multiple",
      "concept_id": "1",
      "method": "MathChat",
      "original_accuracy": 0.4444444444444444,
      "pre_test_accuracy": 0.4,
      "post_test_run1": 0.8,
      "post_test_run2": 0.6,
      "max_post_test_accuracy": 0.8,
      "avg_post_test_accuracy": 0.7,
      "min_post_test_accuracy": 0.6,
      "learning_gain_max": 0.6666666666666667,
      "learning_gain_avg": 0.4999999999999999,
      "learning_gain_min": 0.33333333333333326,
      "improvement_max": 0.4,
      "improvement_avg": 0.29999999999999993,
      "improvement_min": 0.19999999999999996
    },
    {
      "student_id": 598,
      "dataset": "nips_task34",
      "concept_text": "Linear Sequences (nth term)",
      "concept_id": "28",
      "method": "MathChat",
      "original_accuracy": 0.2,
      "pre_test_accuracy": 0.2,
      "post_test_run1": 0.3,
      "post_test_run2": 0.4,
      "max_post_test_accuracy": 0.4,
      "avg_post_test_accuracy": 0.35,
      "min_post_test_accuracy": 0.3,
      "learning_gain_max": 0.25,
      "learning_gain_avg": 0.18749999999999994,
      "learning_gain_min": 0.12499999999999997,
      "improvement_max": 0.2,
      "improvement_avg": 0.14999999999999997,
      "improvement_min": 0.09999999999999998
    },
    {
      "student_id": 2173,
      "dataset": "nips_task34",
      "concept_text": "Solving Linear Inequalities",
      "concept_id": "13",
      "method": "MathChat",
      "original_accuracy": 0.42857142857142855,
      "pre_test_accuracy": 0.5,
      "post_test_run1": 0.9,
      "post_test_run2": 1.0,
      "max_post_test_accuracy": 1.0,
      "avg_post_test_accuracy": 0.95,
      "min_post_test_accuracy": 0.9,
      "learning_gain_max": 1.0,
      "learning_gain_avg": 0.8999999999999999,
      "learning_gain_min": 0.8,
      "improvement_max": 0.5,
      "improvement_avg": 0.44999999999999996,
      "improvement_min": 0.4
    },
    {
      "student_id": 137,
      "dataset": "nips_task34",
      "concept_text": "Construct Triangle",
      "concept_id": "20",
      "method": "MathChat",
      "original_accuracy": 0.3333333333333333,
      "pre_test_accuracy": 0.3,
      "post_test_run1": 0.3,
      "post_test_run2": 0.5,
      "max_post_test_accuracy": 0.5,
      "avg_post_test_accuracy": 0.4,
      "min_post_test_accuracy": 0.3,
      "learning_gain_max": 0.28571428571428575,
      "learning_gain_avg": 0.1428571428571429,
      "learning_gain_min": 0.0,
      "improvement_max": 0.2,
      "improvement_avg": 0.10000000000000003,
      "improvement_min": 0.0
    },
    {
      "student_id": 1420,
      "dataset": "nips_task34",
      "concept_text": "Prime Numbers and Prime Factors",
      "concept_id": "3",
      "method": "MathChat",
      "original_accuracy": 0.14285714285714285,
      "pre_test_accuracy": 0.2,
      "post_test_run1": 0.6,
      "post_test_run2": 0.5,
      "max_post_test_accuracy": 0.6,
      "avg_post_test_accuracy": 0.55,
      "min_post_test_accuracy": 0.5,
      "learning_gain_max": 0.49999999999999994,
      "learning_gain_avg": 0.4375,
      "learning_gain_min": 0.37499999999999994,
      "improvement_max": 0.39999999999999997,
      "improvement_avg": 0.35000000000000003,
      "improvement_min": 0.3
    }
  ]
}