{
  "dataset": "nips_task34",
  "method": "PSS-MV-conservative",
  "num_students": 4,
  "strategy_max": {
    "name": "\u6700\u9ad8\u5206\u7b56\u7565 (2\u6b21\u53d6\u6700\u9ad8)",
    "avg_learning_gain": 0.4330357142857143,
    "std_learning_gain": 0.12742127755123595,
    "median_learning_gain": 0.43749999999999994,
    "min_gain": 0.28571428571428575,
    "max_gain": 0.5714285714285714,
    "num_positive_gain": 4,
    "num_negative_gain": 0
  },
  "strategy_avg": {
    "name": "\u5e73\u5747\u5206\u7b56\u7565 (2\u6b21\u53d6\u5e73\u5747)",
    "avg_learning_gain": 0.26339285714285715,
    "std_learning_gain": 0.09602539169584329,
    "median_learning_gain": 0.2678571428571429,
    "min_gain": 0.1428571428571429,
    "max_gain": 0.37499999999999994,
    "num_positive_gain": 4,
    "num_negative_gain": 0
  },
  "strategy_min": {
    "name": "\u6700\u4f4e\u5206\u7b56\u7565 (2\u6b21\u53d6\u6700\u4f4e)",
    "avg_learning_gain": 0.09375,
    "std_learning_gain": 0.11967838846954226,
    "median_learning_gain": 0.062499999999999986,
    "min_gain": 0.0,
    "max_gain": 0.25,
    "num_positive_gain": 4,
    "num_negative_gain": 0
  },
  "note": "\u5305\u542b\u4e09\u79cd\u7b56\u7565\uff1a1) 2\u6b21\u6700\u9ad8\u5206 2) 2\u6b21\u5e73\u5747\u5206 3) 2\u6b21\u6700\u4f4e\u5206\uff0c\u5747\u5305\u542b\u6240\u6709learning gain\uff08\u542b\u8d1f\u6570\uff09",
  "students": [
    {
      "student_id": 109,
      "dataset": "nips_task34",
      "concept_text": "Factors and Highest Common Factor",
      "concept_id": "2",
      "method": "PSS-MV",
      "original_accuracy": 0.3333333333333333,
      "pre_test_accuracy": 0.3,
      "post_test_run1": 0.5,
      "post_test_run2": 0.3,
      "max_post_test_accuracy": 0.5,
      "avg_post_test_accuracy": 0.4,
      "min_post_test_accuracy": 0.3,
      "learning_gain_max": 0.28571428571428575,
      "learning_gain_avg": 0.1428571428571429,
      "learning_gain_min": 0.0,
      "improvement_max": 0.2,
      "improvement_avg": 0.10000000000000003,
      "improvement_min": 0.0
    },
    {
      "student_id": 598,
      "dataset": "nips_task34",
      "concept_text": "Linear Sequences (nth term)",
      "concept_id": "28",
      "method": "PSS-MV",
      "original_accuracy": 0.2,
      "pre_test_accuracy": 0.2,
      "post_test_run1": 0.5,
      "post_test_run2": 0.3,
      "max_post_test_accuracy": 0.5,
      "avg_post_test_accuracy": 0.4,
      "min_post_test_accuracy": 0.3,
      "learning_gain_max": 0.37499999999999994,
      "learning_gain_avg": 0.25,
      "learning_gain_min": 0.12499999999999997,
      "improvement_max": 0.3,
      "improvement_avg": 0.2,
      "improvement_min": 0.09999999999999998
    },
    {
      "student_id": 137,
      "dataset": "nips_task34",
      "concept_text": "Construct Triangle",
      "concept_id": "20",
      "method": "PSS-MV",
      "original_accuracy": 0.3333333333333333,
      "pre_test_accuracy": 0.3,
      "post_test_run1": 0.7,
      "post_test_run2": 0.3,
      "max_post_test_accuracy": 0.7,
      "avg_post_test_accuracy": 0.5,
      "min_post_test_accuracy": 0.3,
      "learning_gain_max": 0.5714285714285714,
      "learning_gain_avg": 0.28571428571428575,
      "learning_gain_min": 0.0,
      "improvement_max": 0.39999999999999997,
      "improvement_avg": 0.2,
      "improvement_min": 0.0
    },
    {
      "student_id": 1420,
      "dataset": "nips_task34",
      "concept_text": "Prime Numbers and Prime Factors",
      "concept_id": "3",
      "method": "PSS-MV",
      "original_accuracy": 0.14285714285714285,
      "pre_test_accuracy": 0.2,
      "post_test_run1": 0.4,
      "post_test_run2": 0.6,
      "max_post_test_accuracy": 0.6,
      "avg_post_test_accuracy": 0.5,
      "min_post_test_accuracy": 0.4,
      "learning_gain_max": 0.49999999999999994,
      "learning_gain_avg": 0.37499999999999994,
      "learning_gain_min": 0.25,
      "improvement_max": 0.39999999999999997,
      "improvement_avg": 0.3,
      "improvement_min": 0.2
    }
  ]
}