{
  "dataset": "bridge2006",
  "method": "Vanilla-ICL-conservative",
  "num_students": 10,
  "strategy_max": {
    "name": "\u6700\u9ad8\u5206\u7b56\u7565 (2\u6b21\u53d6\u6700\u9ad8)",
    "avg_learning_gain": 0.6366666666666668,
    "std_learning_gain": 0.30197176830560757,
    "median_learning_gain": 0.7571428571428571,
    "min_gain": 0.0,
    "max_gain": 1.0,
    "num_positive_gain": 10,
    "num_negative_gain": 0
  },
  "strategy_avg": {
    "name": "\u5e73\u5747\u5206\u7b56\u7565 (2\u6b21\u53d6\u5e73\u5747)",
    "avg_learning_gain": 0.4876190476190477,
    "std_learning_gain": 0.3252686545870052,
    "median_learning_gain": 0.5773809523809523,
    "min_gain": -0.19999999999999996,
    "max_gain": 0.8571428571428573,
    "num_positive_gain": 9,
    "num_negative_gain": 1
  },
  "strategy_min": {
    "name": "\u6700\u4f4e\u5206\u7b56\u7565 (2\u6b21\u53d6\u6700\u4f4e)",
    "avg_learning_gain": 0.33857142857142863,
    "std_learning_gain": 0.36376886944241044,
    "median_learning_gain": 0.38095238095238093,
    "min_gain": -0.4,
    "max_gain": 0.8571428571428573,
    "num_positive_gain": 9,
    "num_negative_gain": 1
  },
  "note": "\u5305\u542b\u4e09\u79cd\u7b56\u7565\uff1a1) 2\u6b21\u6700\u9ad8\u5206 2) 2\u6b21\u5e73\u5747\u5206 3) 2\u6b21\u6700\u4f4e\u5206\uff0c\u5747\u5305\u542b\u6240\u6709learning gain\uff08\u542b\u8d1f\u6570\uff09",
  "students": [
    {
      "student_id": 519,
      "dataset": "bridge2006",
      "concept_text": "Calculate product of two numbers",
      "concept_id": "20",
      "method": "Vanilla-ICL",
      "original_accuracy": 0.4411764705882353,
      "pre_test_accuracy": 0.4,
      "post_test_run1": 0.6,
      "post_test_run2": 0.9,
      "max_post_test_accuracy": 0.9,
      "avg_post_test_accuracy": 0.75,
      "min_post_test_accuracy": 0.6,
      "learning_gain_max": 0.8333333333333334,
      "learning_gain_avg": 0.5833333333333334,
      "learning_gain_min": 0.33333333333333326,
      "improvement_max": 0.5,
      "improvement_avg": 0.35,
      "improvement_min": 0.19999999999999996
    },
    {
      "student_id": 834,
      "dataset": "bridge2006",
      "concept_text": "Identify larger quantity -- addition",
      "concept_id": "7",
      "method": "Vanilla-ICL",
      "original_accuracy": 0.5454545454545454,
      "pre_test_accuracy": 0.5,
      "post_test_run1": 0.5,
      "post_test_run2": 0.3,
      "max_post_test_accuracy": 0.5,
      "avg_post_test_accuracy": 0.4,
      "min_post_test_accuracy": 0.3,
      "learning_gain_max": 0.0,
      "learning_gain_avg": -0.19999999999999996,
      "learning_gain_min": -0.4,
      "improvement_max": 0.0,
      "improvement_avg": -0.09999999999999998,
      "improvement_min": -0.2
    },
    {
      "student_id": 799,
      "dataset": "bridge2006",
      "concept_text": "Identify larger quantity -- subtraction",
      "concept_id": "15",
      "method": "Vanilla-ICL",
      "original_accuracy": 0.4166666666666667,
      "pre_test_accuracy": 0.5,
      "post_test_run1": 0.8,
      "post_test_run2": 1.0,
      "max_post_test_accuracy": 1.0,
      "avg_post_test_accuracy": 0.9,
      "min_post_test_accuracy": 0.8,
      "learning_gain_max": 1.0,
      "learning_gain_avg": 0.8,
      "learning_gain_min": 0.6000000000000001,
      "improvement_max": 0.5,
      "improvement_avg": 0.4,
      "improvement_min": 0.30000000000000004
    },
    {
      "student_id": 1053,
      "dataset": "bridge2006",
      "concept_text": "Identify larger quantity -- multiplication",
      "concept_id": "0",
      "method": "Vanilla-ICL",
      "original_accuracy": 0.375,
      "pre_test_accuracy": 0.3,
      "post_test_run1": 0.8,
      "post_test_run2": 0.6,
      "max_post_test_accuracy": 0.8,
      "avg_post_test_accuracy": 0.7,
      "min_post_test_accuracy": 0.6,
      "learning_gain_max": 0.7142857142857143,
      "learning_gain_avg": 0.5714285714285714,
      "learning_gain_min": 0.4285714285714286,
      "improvement_max": 0.5,
      "improvement_avg": 0.39999999999999997,
      "improvement_min": 0.3
    },
    {
      "student_id": 842,
      "dataset": "bridge2006",
      "concept_text": "Identify larger quantity -- addition",
      "concept_id": "7",
      "method": "Vanilla-ICL",
      "original_accuracy": 0.4166666666666667,
      "pre_test_accuracy": 0.5,
      "post_test_run1": 0.8,
      "post_test_run2": 0.6,
      "max_post_test_accuracy": 0.8,
      "avg_post_test_accuracy": 0.7,
      "min_post_test_accuracy": 0.6,
      "learning_gain_max": 0.6000000000000001,
      "learning_gain_avg": 0.3999999999999999,
      "learning_gain_min": 0.19999999999999996,
      "improvement_max": 0.30000000000000004,
      "improvement_avg": 0.19999999999999996,
      "improvement_min": 0.09999999999999998
    },
    {
      "student_id": 843,
      "dataset": "bridge2006",
      "concept_text": "Identify larger quantity -- subtraction",
      "concept_id": "15",
      "method": "Vanilla-ICL",
      "original_accuracy": 0.2857142857142857,
      "pre_test_accuracy": 0.3,
      "post_test_run1": 0.6,
      "post_test_run2": 0.3,
      "max_post_test_accuracy": 0.6,
      "avg_post_test_accuracy": 0.44999999999999996,
      "min_post_test_accuracy": 0.3,
      "learning_gain_max": 0.4285714285714286,
      "learning_gain_avg": 0.21428571428571425,
      "learning_gain_min": 0.0,
      "improvement_max": 0.3,
      "improvement_avg": 0.14999999999999997,
      "improvement_min": 0.0
    },
    {
      "student_id": 360,
      "dataset": "bridge2006",
      "concept_text": "Identify negative integer from number line",
      "concept_id": "279",
      "method": "Vanilla-ICL",
      "original_accuracy": 0.5,
      "pre_test_accuracy": 0.5,
      "post_test_run1": 0.8,
      "post_test_run2": 0.9,
      "max_post_test_accuracy": 0.9,
      "avg_post_test_accuracy": 0.8500000000000001,
      "min_post_test_accuracy": 0.8,
      "learning_gain_max": 0.8,
      "learning_gain_avg": 0.7000000000000002,
      "learning_gain_min": 0.6000000000000001,
      "improvement_max": 0.4,
      "improvement_avg": 0.3500000000000001,
      "improvement_min": 0.30000000000000004
    },
    {
      "student_id": 871,
      "dataset": "bridge2006",
      "concept_text": "Identify larger quantity -- multiplication",
      "concept_id": "0",
      "method": "Vanilla-ICL",
      "original_accuracy": 0.3333333333333333,
      "pre_test_accuracy": 0.4,
      "post_test_run1": 0.5,
      "post_test_run2": 0.6,
      "max_post_test_accuracy": 0.6,
      "avg_post_test_accuracy": 0.55,
      "min_post_test_accuracy": 0.5,
      "learning_gain_max": 0.33333333333333326,
      "learning_gain_avg": 0.25000000000000006,
      "learning_gain_min": 0.16666666666666663,
      "improvement_max": 0.19999999999999996,
      "improvement_avg": 0.15000000000000002,
      "improvement_min": 0.09999999999999998
    },
    {
      "student_id": 73,
      "dataset": "bridge2006",
      "concept_text": "Identify LCM - one number multiple of other",
      "concept_id": "24",
      "method": "Vanilla-ICL",
      "original_accuracy": 0.375,
      "pre_test_accuracy": 0.3,
      "post_test_run1": 0.9,
      "post_test_run2": 0.9,
      "max_post_test_accuracy": 0.9,
      "avg_post_test_accuracy": 0.9,
      "min_post_test_accuracy": 0.9,
      "learning_gain_max": 0.8571428571428573,
      "learning_gain_avg": 0.8571428571428573,
      "learning_gain_min": 0.8571428571428573,
      "improvement_max": 0.6000000000000001,
      "improvement_avg": 0.6000000000000001,
      "improvement_min": 0.6000000000000001
    },
    {
      "student_id": 613,
      "dataset": "bridge2006",
      "concept_text": "Identify number of equal divisions (vertical bar)",
      "concept_id": "31",
      "method": "Vanilla-ICL",
      "original_accuracy": 0.5,
      "pre_test_accuracy": 0.5,
      "post_test_run1": 0.9,
      "post_test_run2": 0.8,
      "max_post_test_accuracy": 0.9,
      "avg_post_test_accuracy": 0.8500000000000001,