{
  "dataset": "bridge2006",
  "method": "MathChat-conservative",
  "num_students": 6,
  "strategy_max": {
    "name": "\u6700\u9ad8\u5206\u7b56\u7565 (2\u6b21\u53d6\u6700\u9ad8)",
    "avg_learning_gain": 0.3793650793650794,
    "std_learning_gain": 0.462171417057866,
    "median_learning_gain": 0.4666666666666667,
    "min_gain": -0.4,
    "max_gain": 0.8,
    "num_positive_gain": 5,
    "num_negative_gain": 1
  },
  "strategy_avg": {
    "name": "\u5e73\u5747\u5206\u7b56\u7565 (2\u6b21\u53d6\u5e73\u5747)",
    "avg_learning_gain": 0.23690476190476192,
    "std_learning_gain": 0.4149358609562242,
    "median_learning_gain": 0.32499999999999996,
    "min_gain": -0.5,
    "max_gain": 0.6000000000000001,
    "num_positive_gain": 5,
    "num_negative_gain": 1
  },
  "strategy_min": {
    "name": "\u6700\u4f4e\u5206\u7b56\u7565 (2\u6b21\u53d6\u6700\u4f4e)",
    "avg_learning_gain": 0.09444444444444443,
    "std_learning_gain": 0.4133422938096849,
    "median_learning_gain": 0.08333333333333331,
    "min_gain": -0.6,
    "max_gain": 0.6000000000000001,
    "num_positive_gain": 5,
    "num_negative_gain": 1
  },
  "note": "\u5305\u542b\u4e09\u79cd\u7b56\u7565\uff1a1) 2\u6b21\u6700\u9ad8\u5206 2) 2\u6b21\u5e73\u5747\u5206 3) 2\u6b21\u6700\u4f4e\u5206\uff0c\u5747\u5305\u542b\u6240\u6709learning gain\uff08\u542b\u8d1f\u6570\uff09",
  "students": [
    {
      "student_id": 519,
      "dataset": "bridge2006",
      "concept_text": "Calculate product of two numbers",
      "concept_id": "20",
      "method": "MathChat",
      "original_accuracy": 0.4411764705882353,
      "pre_test_accuracy": 0.4,
      "post_test_run1": 0.6,
      "post_test_run2": 0.5,
      "max_post_test_accuracy": 0.6,
      "avg_post_test_accuracy": 0.55,
      "min_post_test_accuracy": 0.5,
      "learning_gain_max": 0.33333333333333326,
      "learning_gain_avg": 0.25000000000000006,
      "learning_gain_min": 0.16666666666666663,
      "improvement_max": 0.19999999999999996,
      "improvement_avg": 0.15000000000000002,
      "improvement_min": 0.09999999999999998
    },
    {
      "student_id": 1053,
      "dataset": "bridge2006",
      "concept_text": "Identify larger quantity -- multiplication",
      "concept_id": "0",
      "method": "MathChat",
      "original_accuracy": 0.375,
      "pre_test_accuracy": 0.3,
      "post_test_run1": 0.4,
      "post_test_run2": 0.3,
      "max_post_test_accuracy": 0.4,
      "avg_post_test_accuracy": 0.35,
      "min_post_test_accuracy": 0.3,
      "learning_gain_max": 0.1428571428571429,
      "learning_gain_avg": 0.07142857142857141,
      "learning_gain_min": 0.0,
      "improvement_max": 0.10000000000000003,
      "improvement_avg": 0.04999999999999999,
      "improvement_min": 0.0
    },
    {
      "student_id": 842,
      "dataset": "bridge2006",
      "concept_text": "Identify larger quantity -- addition",
      "concept_id": "7",
      "method": "MathChat",
      "original_accuracy": 0.4166666666666667,
      "pre_test_accuracy": 0.5,
      "post_test_run1": 0.9,
      "post_test_run2": 0.5,
      "max_post_test_accuracy": 0.9,
      "avg_post_test_accuracy": 0.7,
      "min_post_test_accuracy": 0.5,
      "learning_gain_max": 0.8,
      "learning_gain_avg": 0.3999999999999999,
      "learning_gain_min": 0.0,
      "improvement_max": 0.4,
      "improvement_avg": 0.19999999999999996,
      "improvement_min": 0.0
    },
    {
      "student_id": 799,
      "dataset": "bridge2006",
      "concept_text": "Identify larger quantity -- subtraction",
      "concept_id": "15",
      "method": "MathChat",
      "original_accuracy": 0.4166666666666667,
      "pre_test_accuracy": 0.5,
      "post_test_run1": 0.8,
      "post_test_run2": 0.8,
      "max_post_test_accuracy": 0.8,
      "avg_post_test_accuracy": 0.8,
      "min_post_test_accuracy": 0.8,
      "learning_gain_max": 0.6000000000000001,
      "learning_gain_avg": 0.6000000000000001,
      "learning_gain_min": 0.6000000000000001,
      "improvement_max": 0.30000000000000004,
      "improvement_avg": 0.30000000000000004,
      "improvement_min": 0.30000000000000004
    },
    {
      "student_id": 360,
      "dataset": "bridge2006",
      "concept_text": "Identify negative integer from number line",
      "concept_id": "279",
      "method": "MathChat",
      "original_accuracy": 0.5,
      "pre_test_accuracy": 0.5,
      "post_test_run1": 0.9,
      "post_test_run2": 0.7,
      "max_post_test_accuracy": 0.9,
      "avg_post_test_accuracy": 0.8,
      "min_post_test_accuracy": 0.7,
      "learning_gain_max": 0.8,
      "learning_gain_avg": 0.6000000000000001,
      "learning_gain_min": 0.3999999999999999,
      "improvement_max": 0.4,
      "improvement_avg": 0.30000000000000004,
      "improvement_min": 0.19999999999999996
    },
    {
      "student_id": 834,
      "dataset": "bridge2006",
      "concept_text": "Identify larger quantity -- addition",
      "concept_id": "7",
      "method": "MathChat",
      "original_accuracy": 0.5454545454545454,
      "pre_test_accuracy": 0.5,
      "post_test_run1": 0.2,
      "post_test_run2": 0.3,
      "max_post_test_accuracy": 0.3,
      "avg_post_test_accuracy": 0.25,
      "min_post_test_accuracy": 0.2,
      "learning_gain_max": -0.4,
      "learning_gain_avg": -0.5,
      "learning_gain_min": -0.6,
      "improvement_max": -0.2,
      "improvement_avg": -0.25,
      "improvement_min": -0.3
    }
  ]
}