{
  "student_id": 519,
  "dataset": "bridge2006",
  "concept_text": "Calculate product of two numbers",
  "concept_id": "20",
  "method": "MathChat",
  "original_accuracy": 0.4411764705882353,
  "pre_test_accuracy": 0.4,
  "post_test_run1": 0.6,
  "post_test_run2": 0.5,
  "max_post_test_accuracy": 0.6,
  "avg_post_test_accuracy": 0.55,
  "min_post_test_accuracy": 0.5,
  "learning_gain_max": 0.33333333333333326,
  "learning_gain_avg": 0.25000000000000006,
  "learning_gain_min": 0.16666666666666663,
  "improvement_max": 0.19999999999999996,
  "improvement_avg": 0.15000000000000002,
  "improvement_min": 0.09999999999999998
}