{
  "student_id": 799,
  "dataset": "bridge2006",
  "concept_text": "Identify larger quantity -- subtraction",
  "concept_id": "15",
  "method": "MathChat",
  "original_accuracy": 0.4166666666666667,
  "pre_test_accuracy": 0.5,
  "post_test_run1": 0.8,
  "post_test_run2": 0.8,
  "max_post_test_accuracy": 0.8,
  "avg_post_test_accuracy": 0.8,
  "min_post_test_accuracy": 0.8,
  "learning_gain_max": 0.6000000000000001,
  "learning_gain_avg": 0.6000000000000001,
  "learning_gain_min": 0.6000000000000001,
  "improvement_max": 0.30000000000000004,
  "improvement_avg": 0.30000000000000004,
  "improvement_min": 0.30000000000000004
}