{
  "dataset": "nips_task34",
  "method": "MathChat-conservative",
  "num_students": 10,
  "strategy_max": {
    "name": "\u6700\u9ad8\u5206\u7b56\u7565 (2\u6b21\u53d6\u6700\u9ad8)",
    "avg_learning_gain": 0.42821428571428577,
    "std_learning_gain": 0.2791824179624679,
    "median_learning_gain": 0.4999999999999999,
    "min_gain": -0.14285714285714282,
    "max_gain": 0.8,
    "num_positive_gain": 9,
    "num_negative_gain": 1
  },
  "strategy_avg": {
    "name": "\u5e73\u5747\u5206\u7b56\u7565 (2\u6b21\u53d6\u5e73\u5747)",
    "avg_learning_gain": 0.30642857142857144,
    "std_learning_gain": 0.23666265446440976,
    "median_learning_gain": 0.3229166666666666,
    "min_gain": -0.14285714285714282,
    "max_gain": 0.6000000000000001,
    "num_positive_gain": 9,
    "num_negative_gain": 1
  },
  "strategy_min": {
    "name": "\u6700\u4f4e\u5206\u7b56\u7565 (2\u6b21\u53d6\u6700\u4f4e)",
    "avg_learning_gain": 0.1846428571428571,
    "std_learning_gain": 0.25624011758193255,
    "median_learning_gain": 0.15476190476190477,
    "min_gain": -0.14285714285714282,
    "max_gain": 0.5714285714285714,
    "num_positive_gain": 8,
    "num_negative_gain": 2
  },
  "note": "\u5305\u542b\u4e09\u79cd\u7b56\u7565\uff1a1) 2\u6b21\u6700\u9ad8\u5206 2) 2\u6b21\u5e73\u5747\u5206 3) 2\u6b21\u6700\u4f4e\u5206\uff0c\u5747\u5305\u542b\u6240\u6709learning gain\uff08\u542b\u8d1f\u6570\uff09",
  "students": [
    {
      "student_id": 2641,
      "dataset": "nips_task34",
      "concept_text": "BIDMAS",
      "concept_id": "4",
      "method": "MathChat",
      "original_accuracy": 0.3333333333333333,
      "pre_test_accuracy": 0.3,
      "post_test_run1": 0.7,
      "post_test_run2": 0.7,
      "max_post_test_accuracy": 0.7,
      "avg_post_test_accuracy": 0.7,
      "min_post_test_accuracy": 0.7,
      "learning_gain_max": 0.5714285714285714,
      "learning_gain_avg": 0.5714285714285714,
      "learning_gain_min": 0.5714285714285714,
      "improvement_max": 0.39999999999999997,
      "improvement_avg": 0.39999999999999997,
      "improvement_min": 0.39999999999999997
    },
    {
      "student_id": 1293,
      "dataset": "nips_task34",
      "concept_text": "Types, Naming and Estimating",
      "concept_id": "15",
      "method": "MathChat",
      "original_accuracy": 0.25,
      "pre_test_accuracy": 0.3,
      "post_test_run1": 0.2,
      "post_test_run2": 0.2,
      "max_post_test_accuracy": 0.2,
      "avg_post_test_accuracy": 0.2,
      "min_post_test_accuracy": 0.2,
      "learning_gain_max": -0.14285714285714282,
      "learning_gain_avg": -0.14285714285714282,
      "learning_gain_min": -0.14285714285714282,
      "improvement_max": -0.09999999999999998,
      "improvement_avg": -0.09999999999999998,
      "improvement_min": -0.09999999999999998
    },
    {
      "student_id": 2114,
      "dataset": "nips_task34",
      "concept_text": "Multiples and Lowest Common Multiple",
      "concept_id": "1",
      "method": "MathChat",
      "original_accuracy": 0.4444444444444444,
      "pre_test_accuracy": 0.4,
      "post_test_run1": 0.6,
      "post_test_run2": 0.6,
      "max_post_test_accuracy": 0.6,
      "avg_post_test_accuracy": 0.6,
      "min_post_test_accuracy": 0.6,
      "learning_gain_max": 0.33333333333333326,
      "learning_gain_avg": 0.33333333333333326,
      "learning_gain_min": 0.33333333333333326,
      "improvement_max": 0.19999999999999996,
      "improvement_avg": 0.19999999999999996,
      "improvement_min": 0.19999999999999996
    },
    {
      "student_id": 2010,
      "dataset": "nips_task34",
      "concept_text": "Time",
      "concept_id": "26",
      "method": "MathChat",
      "original_accuracy": 0.3333333333333333,
      "pre_test_accuracy": 0.4,
      "post_test_run1": 0.5,
      "post_test_run2": 0.7,
      "max_post_test_accuracy": 0.7,
      "avg_post_test_accuracy": 0.6,
      "min_post_test_accuracy": 0.5,
      "learning_gain_max": 0.4999999999999999,
      "learning_gain_avg": 0.33333333333333326,
      "learning_gain_min": 0.16666666666666663,
      "improvement_max": 0.29999999999999993,
      "improvement_avg": 0.19999999999999996,
      "improvement_min": 0.09999999999999998
    },
    {
      "student_id": 2173,
      "dataset": "nips_task34",
      "concept_text": "Solving Linear Inequalities",
      "concept_id": "13",
      "method": "MathChat",
      "original_accuracy": 0.42857142857142855,
      "pre_test_accuracy": 0.5,
      "post_test_run1": 0.9,
      "post_test_run2": 0.7,
      "max_post_test_accuracy": 0.9,
      "avg_post_test_accuracy": 0.8,
      "min_post_test_accuracy": 0.7,
      "learning_gain_max": 0.8,
      "learning_gain_avg": 0.6000000000000001,
      "learning_gain_min": 0.3999999999999999,
      "improvement_max": 0.4,
      "improvement_avg": 0.30000000000000004,
      "improvement_min": 0.19999999999999996
    },
    {
      "student_id": 109,
      "dataset": "nips_task34",
      "concept_text": "Factors and Highest Common Factor",
      "concept_id": "2",
      "method": "MathChat",
      "original_accuracy": 0.3333333333333333,
      "pre_test_accuracy": 0.3,
      "post_test_run1": 0.5,
      "post_test_run2": 0.3,
      "max_post_test_accuracy": 0.5,
      "avg_post_test_accuracy": 0.4,
      "min_post_test_accuracy": 0.3,
      "learning_gain_max": 0.28571428571428575,
      "learning_gain_avg": 0.1428571428571429,
      "learning_gain_min": 0.0,
      "improvement_max": 0.2,
      "improvement_avg": 0.10000000000000003,
      "improvement_min": 0.0
    },
    {
      "student_id": 598,
      "dataset": "nips_task34",
      "concept_text": "Linear Sequences (nth term)",
      "concept_id": "28",
      "method": "MathChat",
      "original_accuracy": 0.2,
      "pre_test_accuracy": 0.2,
      "post_test_run1": 0.7,
      "post_test_run2": 0.2,
      "max_post_test_accuracy": 0.7,
      "avg_post_test_accuracy": 0.44999999999999996,
      "min_post_test_accuracy": 0.2,
      "learning_gain_max": 0.6249999999999999,
      "learning_gain_avg": 0.3124999999999999,
      "learning_gain_min": 0.0,
      "improvement_max": 0.49999999999999994,
      "improvement_avg": 0.24999999999999994,
      "improvement_min": 0.0
    },
    {
      "student_id": 2642,
      "dataset": "nips_task34",
      "concept_text": "Prime Numbers and Prime Factors",
      "concept_id": "3",
      "method": "MathChat",
      "original_accuracy": 0.375,
      "pre_test_accuracy": 0.4,
      "post_test_run1": 0.7,
      "post_test_run2": 0.8,
      "max_post_test_accuracy": 0.8,
      "avg_post_test_accuracy": 0.75,
      "min_post_test_accuracy": 0.7,
      "learning_gain_max": 0.6666666666666667,
      "learning_gain_avg": 0.5833333333333334,
      "learning_gain_min": 0.4999999999999999,
      "improvement_max": 0.4,
      "improvement_avg": 0.35,
      "improvement_min": 0.29999999999999993
    },
    {
      "student_id": 1420,
      "dataset": "nips_task34",
      "concept_text": "Prime Numbers and Prime Factors",
      "concept_id": "3",
      "method": "MathChat",
      "original_accuracy": 0.14285714285714285,
      "pre_test_accuracy": 0.2,
      "post_test_run1": 0.1,
      "post_test_run2": 0.6,
      "max_post_test_accuracy": 0.6,
      "avg_post_test_accuracy": 0.35,
      "min_post_test_accuracy": 0.1,
      "learning_gain_max": 0.49999999999999994,
      "learning_gain_avg": 0.18749999999999994,
      "learning_gain_min": -0.125,
      "improvement_max": 0.39999999999999997,
      "improvement_avg": 0.14999999999999997,
      "improvement_min": -0.1
    },
    {
      "student_id": 137,
      "dataset": "nips_task34",
      "concept_text": "Construct Triangle",
      "concept_id": "20",
      "method": "MathChat",
      "original_accuracy": 0.3333333333333333,
      "pre_test_accuracy": 0.3,
      "post_test_run1": 0.4,
      "post_test_run2": 0.4,
      "max_post_test_accuracy": 0.4,
      "avg_post_test_accuracy": 0.4,
      "min_post_test_accuracy": 0.4,