{
  "student_id": 2010,
  "dataset": "nips_task34",
  "concept_text": "Time",
  "concept_id": "26",
  "method": "MathChat",
  "original_accuracy": 0.3333333333333333,
  "pre_test_accuracy": 0.4,
  "post_test_run1": 0.5,
  "post_test_run2": 0.7,
  "max_post_test_accuracy": 0.7,
  "avg_post_test_accuracy": 0.6,
  "min_post_test_accuracy": 0.5,
  "learning_gain_max": 0.4999999999999999,
  "learning_gain_avg": 0.33333333333333326,
  "learning_gain_min": 0.16666666666666663,
  "improvement_max": 0.29999999999999993,
  "improvement_avg": 0.19999999999999996,
  "improvement_min": 0.09999999999999998
}