{
  "student_id": 2468,
  "dataset": "nips_task34",
  "concept_text": "Line Symmetry",
  "concept_id": "31",
  "method": "MathChat",
  "original_accuracy": 0.5384615384615384,
  "pre_test_accuracy": 0.5,
  "post_test_run1": 0.7,
  "post_test_run2": 0.7,
  "max_post_test_accuracy": 0.7,
  "avg_post_test_accuracy": 0.7,
  "min_post_test_accuracy": 0.7,
  "learning_gain_max": 0.3999999999999999,
  "learning_gain_avg": 0.3999999999999999,
  "learning_gain_min": 0.3999999999999999,
  "improvement_max": 0.19999999999999996,
  "improvement_avg": 0.19999999999999996,
  "improvement_min": 0.19999999999999996
}