{
  "student_id": 947,
  "dataset": "nips_task34",
  "concept_text": "Time",
  "concept_id": "26",
  "method": "MathChat",
  "original_accuracy": 0.5,
  "pre_test_accuracy": 0.6,
  "post_test_run1": 0.7,
  "post_test_run2": 0.9,
  "max_post_test_accuracy": 0.9,
  "avg_post_test_accuracy": 0.8,
  "min_post_test_accuracy": 0.7,
  "learning_gain_max": 0.7500000000000001,
  "learning_gain_avg": 0.5000000000000001,
  "learning_gain_min": 0.24999999999999994,
  "improvement_max": 0.30000000000000004,
  "improvement_avg": 0.20000000000000007,
  "improvement_min": 0.09999999999999998
}