{
  "student_id": 1841,
  "dataset": "nips_task34",
  "concept_text": "Multiples and Lowest Common Multiple",
  "concept_id": "1",
  "method": "MathChat",
  "original_accuracy": 0.5714285714285714,
  "pre_test_accuracy": 0.6,
  "post_test_run1": 0.7,
  "post_test_run2": 0.7,
  "max_post_test_accuracy": 0.7,
  "avg_post_test_accuracy": 0.7,
  "min_post_test_accuracy": 0.7,
  "learning_gain_max": 0.24999999999999994,
  "learning_gain_avg": 0.24999999999999994,
  "learning_gain_min": 0.24999999999999994,
  "improvement_max": 0.09999999999999998,
  "improvement_avg": 0.09999999999999998,
  "improvement_min": 0.09999999999999998
}