{
  "student_id": 2185,
  "dataset": "nips_task34",
  "concept_text": "Line Symmetry",
  "concept_id": "31",
  "method": "MathChat",
  "original_accuracy": 0.3076923076923077,
  "pre_test_accuracy": 0.4,
  "post_test_run1": 0.2,
  "post_test_run2": 0.5,
  "max_post_test_accuracy": 0.5,
  "avg_post_test_accuracy": 0.35,
  "min_post_test_accuracy": 0.2,
  "learning_gain_max": 0.16666666666666663,
  "learning_gain_avg": -0.08333333333333341,
  "learning_gain_min": -0.33333333333333337,
  "improvement_max": 0.09999999999999998,
  "improvement_avg": -0.050000000000000044,
  "improvement_min": -0.2
}