{
  "student_id": 2535,
  "dataset": "nips_task34",
  "concept_text": "Squares, Cubes, etc",
  "concept_id": "33",
  "method": "PSS-MV",
  "original_accuracy": 0.42857142857142855,
  "pre_test_accuracy": 0.5,
  "post_test_run1": 0.6,
  "post_test_run2": 0.7,
  "max_post_test_accuracy": 0.7,
  "avg_post_test_accuracy": 0.6499999999999999,
  "min_post_test_accuracy": 0.6,
  "learning_gain_max": 0.3999999999999999,
  "learning_gain_avg": 0.2999999999999998,
  "learning_gain_min": 0.19999999999999996,
  "improvement_max": 0.19999999999999996,
  "improvement_avg": 0.1499999999999999,
  "improvement_min": 0.09999999999999998
}