{
  "student_id": 487,
  "dataset": "nips_task34",
  "concept_text": "Multiplying and Dividing Negative Numbers",
  "concept_id": "7",
  "method": "PSS-MV",
  "original_accuracy": 0.21052631578947367,
  "pre_test_accuracy": 0.2,
  "post_test_run1": 0.7,
  "post_test_run2": 0.7,
  "max_post_test_accuracy": 0.7,
  "avg_post_test_accuracy": 0.7,
  "min_post_test_accuracy": 0.7,
  "learning_gain_max": 0.6249999999999999,
  "learning_gain_avg": 0.6249999999999999,
  "learning_gain_min": 0.6249999999999999,
  "improvement_max": 0.49999999999999994,
  "improvement_avg": 0.49999999999999994,
  "improvement_min": 0.49999999999999994
}