{
  "student_id": 1139,
  "dataset": "nips_task34",
  "concept_text": "Basic Angle Facts (straight line, opposite, around a point, etc)",
  "concept_id": "17",
  "method": "PSS-MV",
  "original_accuracy": 0.1111111111111111,
  "pre_test_accuracy": 0.2,
  "post_test_run1": 0.3,
  "post_test_run2": 0.3,
  "max_post_test_accuracy": 0.3,
  "avg_post_test_accuracy": 0.3,
  "min_post_test_accuracy": 0.3,
  "learning_gain_max": 0.12499999999999997,
  "learning_gain_avg": 0.12499999999999997,
  "learning_gain_min": 0.12499999999999997,
  "improvement_max": 0.09999999999999998,
  "improvement_avg": 0.09999999999999998,
  "improvement_min": 0.09999999999999998
}