{
  "student_id": 1463,
  "dataset": "nips_task34",
  "concept_text": "Time",
  "concept_id": "26",
  "method": "PSS-MV",
  "original_accuracy": 0.3333333333333333,
  "pre_test_accuracy": 0.4,
  "post_test_run1": 0.0,
  "post_test_run2": 0.5,
  "max_post_test_accuracy": 0.5,
  "avg_post_test_accuracy": 0.25,
  "min_post_test_accuracy": 0.0,
  "learning_gain_max": 0.16666666666666663,
  "learning_gain_avg": -0.25000000000000006,
  "learning_gain_min": -0.6666666666666667,
  "improvement_max": 0.09999999999999998,
  "improvement_avg": -0.15000000000000002,
  "improvement_min": -0.4
}