{
  "student_id": 206,
  "dataset": "nips_task34",
  "concept_text": "Multiples and Lowest Common Multiple",
  "concept_id": "1",
  "method": "PSS-MV",
  "original_accuracy": 0.5789473684210527,
  "pre_test_accuracy": 0.6,
  "post_test_run1": 0.8,
  "post_test_run2": 0.8,
  "max_post_test_accuracy": 0.8,
  "avg_post_test_accuracy": 0.8,
  "min_post_test_accuracy": 0.8,
  "learning_gain_max": 0.5000000000000001,
  "learning_gain_avg": 0.5000000000000001,
  "learning_gain_min": 0.5000000000000001,
  "improvement_max": 0.20000000000000007,
  "improvement_avg": 0.20000000000000007,
  "improvement_min": 0.20000000000000007
}