{
  "student_id": 424,
  "dataset": "nips_task34",
  "concept_text": "Squares, Cubes, etc",
  "concept_id": "33",
  "method": "PSS-MV",
  "original_accuracy": 0.25,
  "pre_test_accuracy": 0.2,
  "post_test_run1": 0.6,
  "post_test_run2": 0.6,
  "max_post_test_accuracy": 0.6,
  "avg_post_test_accuracy": 0.6,
  "min_post_test_accuracy": 0.6,
  "learning_gain_max": 0.49999999999999994,
  "learning_gain_avg": 0.49999999999999994,
  "learning_gain_min": 0.49999999999999994,
  "improvement_max": 0.39999999999999997,
  "improvement_avg": 0.39999999999999997,
  "improvement_min": 0.39999999999999997
}