{
  "student_id": 878,
  "dataset": "nips_task34",
  "concept_text": "Time",
  "concept_id": "26",
  "method": "PSS-MV",
  "original_accuracy": 0.3333333333333333,
  "pre_test_accuracy": 0.3,
  "post_test_run1": 0.7,
  "post_test_run2": 0.4,
  "max_post_test_accuracy": 0.7,
  "avg_post_test_accuracy": 0.55,
  "min_post_test_accuracy": 0.4,
  "learning_gain_max": 0.5714285714285714,
  "learning_gain_avg": 0.35714285714285726,
  "learning_gain_min": 0.1428571428571429,
  "improvement_max": 0.39999999999999997,
  "improvement_avg": 0.25000000000000006,
  "improvement_min": 0.10000000000000003
}