{
  "dataset": "assist2017",
  "method": "PSS-MV-conservative",
  "num_students": 10,
  "strategy_max": {
    "name": "\u6700\u9ad8\u5206\u7b56\u7565 (2\u6b21\u53d6\u6700\u9ad8)",
    "avg_learning_gain": 0.4809523809523809,
    "std_learning_gain": 0.27920269450850804,
    "median_learning_gain": 0.38095238095238093,
    "min_gain": 0.1428571428571429,
    "max_gain": 1.0,
    "num_positive_gain": 10,
    "num_negative_gain": 0
  },
  "strategy_avg": {
    "name": "\u5e73\u5747\u5206\u7b56\u7565 (2\u6b21\u53d6\u5e73\u5747)",
    "avg_learning_gain": 0.4161904761904762,
    "std_learning_gain": 0.28169975027878574,
    "median_learning_gain": 0.35119047619047616,
    "min_gain": 0.07142857142857141,
    "max_gain": 0.8999999999999999,
    "num_positive_gain": 10,
    "num_negative_gain": 0
  },
  "strategy_min": {
    "name": "\u6700\u4f4e\u5206\u7b56\u7565 (2\u6b21\u53d6\u6700\u4f4e)",
    "avg_learning_gain": 0.3514285714285714,
    "std_learning_gain": 0.2937991903030472,
    "median_learning_gain": 0.30952380952380953,
    "min_gain": 0.0,
    "max_gain": 0.8,
    "num_positive_gain": 10,
    "num_negative_gain": 0
  },
  "note": "\u5305\u542b\u4e09\u79cd\u7b56\u7565\uff1a1) 2\u6b21\u6700\u9ad8\u5206 2) 2\u6b21\u5e73\u5747\u5206 3) 2\u6b21\u6700\u4f4e\u5206\uff0c\u5747\u5305\u542b\u6240\u6709learning gain\uff08\u542b\u8d1f\u6570\uff09",
  "students": [
    {
      "student_id": 119,
      "dataset": "assist2017",
      "concept_text": "equivalent-fractions-decimals-percents",
      "concept_id": "27",
      "method": "PSS-MV",
      "original_accuracy": 0.4166666666666667,
      "pre_test_accuracy": 0.4,
      "post_test_run1": 0.7,
      "post_test_run2": 0.6,
      "max_post_test_accuracy": 0.7,
      "avg_post_test_accuracy": 0.6499999999999999,
      "min_post_test_accuracy": 0.6,
      "learning_gain_max": 0.4999999999999999,
      "learning_gain_avg": 0.4166666666666665,
      "learning_gain_min": 0.33333333333333326,
      "improvement_max": 0.29999999999999993,
      "improvement_avg": 0.2499999999999999,
      "improvement_min": 0.19999999999999996
    },
    {
      "student_id": 307,
      "dataset": "assist2017",
      "concept_text": "perimeter",
      "concept_id": "6",
      "method": "PSS-MV",
      "original_accuracy": 0.4,
      "pre_test_accuracy": 0.5,
      "post_test_run1": 0.9,
      "post_test_run2": 1.0,
      "max_post_test_accuracy": 1.0,
      "avg_post_test_accuracy": 0.95,
      "min_post_test_accuracy": 0.9,
      "learning_gain_max": 1.0,
      "learning_gain_avg": 0.8999999999999999,
      "learning_gain_min": 0.8,
      "improvement_max": 0.5,
      "improvement_avg": 0.44999999999999996,
      "improvement_min": 0.4
    },
    {
      "student_id": 304,
      "dataset": "assist2017",
      "concept_text": "perimeter",
      "concept_id": "6",
      "method": "PSS-MV",
      "original_accuracy": 0.3333333333333333,
      "pre_test_accuracy": 0.3,
      "post_test_run1": 0.8,
      "post_test_run2": 0.8,
      "max_post_test_accuracy": 0.8,
      "avg_post_test_accuracy": 0.8,
      "min_post_test_accuracy": 0.8,
      "learning_gain_max": 0.7142857142857143,
      "learning_gain_avg": 0.7142857142857143,
      "learning_gain_min": 0.7142857142857143,
      "improvement_max": 0.5,
      "improvement_avg": 0.5,
      "improvement_min": 0.5
    },
    {
      "student_id": 491,
      "dataset": "assist2017",
      "concept_text": "percents",
      "concept_id": "68",
      "method": "PSS-MV",
      "original_accuracy": 0.2727272727272727,
      "pre_test_accuracy": 0.3,
      "post_test_run1": 0.4,
      "post_test_run2": 0.5,
      "max_post_test_accuracy": 0.5,
      "avg_post_test_accuracy": 0.45,
      "min_post_test_accuracy": 0.4,
      "learning_gain_max": 0.28571428571428575,
      "learning_gain_avg": 0.21428571428571433,
      "learning_gain_min": 0.1428571428571429,
      "improvement_max": 0.2,
      "improvement_avg": 0.15000000000000002,
      "improvement_min": 0.10000000000000003
    },
    {
      "student_id": 774,
      "dataset": "assist2017",
      "concept_text": "percents",
      "concept_id": "68",
      "method": "PSS-MV",
      "original_accuracy": 0.3,
      "pre_test_accuracy": 0.3,
      "post_test_run1": 0.3,
      "post_test_run2": 0.4,
      "max_post_test_accuracy": 0.4,
      "avg_post_test_accuracy": 0.35,
      "min_post_test_accuracy": 0.3,
      "learning_gain_max": 0.1428571428571429,
      "learning_gain_avg": 0.07142857142857141,
      "learning_gain_min": 0.0,
      "improvement_max": 0.10000000000000003,
      "improvement_avg": 0.04999999999999999,
      "improvement_min": 0.0
    },
    {
      "student_id": 1093,
      "dataset": "assist2017",
      "concept_text": "discount",
      "concept_id": "35",
      "method": "PSS-MV",
      "original_accuracy": 0.2,
      "pre_test_accuracy": 0.3,
      "post_test_run1": 0.5,
      "post_test_run2": 0.5,
      "max_post_test_accuracy": 0.5,
      "avg_post_test_accuracy": 0.5,
      "min_post_test_accuracy": 0.5,
      "learning_gain_max": 0.28571428571428575,
      "learning_gain_avg": 0.28571428571428575,
      "learning_gain_min": 0.28571428571428575,
      "improvement_max": 0.2,
      "improvement_avg": 0.2,
      "improvement_min": 0.2
    },
    {
      "student_id": 170,
      "dataset": "assist2017",
      "concept_text": "fraction-multiplication",
      "concept_id": "29",
      "method": "PSS-MV",
      "original_accuracy": 0.3333333333333333,
      "pre_test_accuracy": 0.3,
      "post_test_run1": 0.6,
      "post_test_run2": 0.6,
      "max_post_test_accuracy": 0.6,
      "avg_post_test_accuracy": 0.6,
      "min_post_test_accuracy": 0.6,
      "learning_gain_max": 0.4285714285714286,
      "learning_gain_avg": 0.4285714285714286,
      "learning_gain_min": 0.4285714285714286,
      "improvement_max": 0.3,
      "improvement_avg": 0.3,
      "improvement_min": 0.3
    },
    {
      "student_id": 183,
      "dataset": "assist2017",
      "concept_text": "fraction-multiplication",
      "concept_id": "29",
      "method": "PSS-MV",
      "original_accuracy": 0.375,
      "pre_test_accuracy": 0.4,
      "post_test_run1": 0.6,
      "post_test_run2": 0.4,
      "max_post_test_accuracy": 0.6,
      "avg_post_test_accuracy": 0.5,
      "min_post_test_accuracy": 0.4,
      "learning_gain_max": 0.33333333333333326,
      "learning_gain_avg": 0.16666666666666663,
      "learning_gain_min": 0.0,
      "improvement_max": 0.19999999999999996,
      "improvement_avg": 0.09999999999999998,
      "improvement_min": 0.0
    },
    {
      "student_id": 570,
      "dataset": "assist2017",
      "concept_text": "sum-of-interior-angles-triangle",
      "concept_id": "36",
      "method": "PSS-MV",
      "original_accuracy": 0.2,
      "pre_test_accuracy": 0.3,
      "post_test_run1": 0.4,
      "post_test_run2": 0.5,
      "max_post_test_accuracy": 0.5,
      "avg_post_test_accuracy": 0.45,
      "min_post_test_accuracy": 0.4,
      "learning_gain_max": 0.28571428571428575,
      "learning_gain_avg": 0.21428571428571433,
      "learning_gain_min": 0.1428571428571429,
      "improvement_max": 0.2,
      "improvement_avg": 0.15000000000000002,
      "improvement_min": 0.10000000000000003
    },
    {
      "student_id": 1098,
      "dataset": "assist2017",
      "concept_text": "combinatorics",
      "concept_id": "59",
      "method": "PSS-MV",
      "original_accuracy": 0.375,
      "pre_test_accuracy": 0.4,
      "post_test_run1": 0.8,
      "post_test_run2": 0.9,
      "max_post_test_accuracy": 0.9,
      "avg_post_test_accuracy": 0.8500000000000001,
      "min_post_test_accuracy": 0.8,
      "learning_gain_max": 0.8333333333333334,
      "learning_gain_avg": 0.7500000000000001,
      "learning_gain_min": 0.6666666666666667,
      "improvement_max": 0.5,
      "improvement_avg": 0.45000000000000007,
      "improvement_min": 0.4
    }
  ]
}