{
  "student_id": 119,
  "dataset": "assist2017",
  "concept_text": "equivalent-fractions-decimals-percents",
  "concept_id": "27",
  "method": "PSS-MV",
  "original_accuracy": 0.4166666666666667,
  "pre_test_accuracy": 0.4,
  "post_test_run1": 0.7,
  "post_test_run2": 0.6,
  "max_post_test_accuracy": 0.7,
  "avg_post_test_accuracy": 0.6499999999999999,
  "min_post_test_accuracy": 0.6,
  "learning_gain_max": 0.4999999999999999,
  "learning_gain_avg": 0.4166666666666665,
  "learning_gain_min": 0.33333333333333326,
  "improvement_max": 0.29999999999999993,
  "improvement_avg": 0.2499999999999999,
  "improvement_min": 0.19999999999999996
}