{
  "student_id": 1537,
  "dataset": "nips_task34",
  "concept_text": "Horizontal and Vertical Lines",
  "concept_id": "39",
  "method": "TutorLLM",
  "original_accuracy": 0.42857142857142855,
  "pre_test_accuracy": 0.5,
  "post_test_run1": 0.8,
  "post_test_run2": 0.8,
  "max_post_test_accuracy": 0.8,
  "avg_post_test_accuracy": 0.8,
  "min_post_test_accuracy": 0.8,
  "learning_gain_max": 0.6000000000000001,
  "learning_gain_avg": 0.6000000000000001,
  "learning_gain_min": 0.6000000000000001,
  "improvement_max": 0.30000000000000004,
  "improvement_avg": 0.30000000000000004,
  "improvement_min": 0.30000000000000004
}