{
  "student_id": 1696,
  "dataset": "nips_task34",
  "concept_text": "Factors and Highest Common Factor",
  "concept_id": "2",
  "method": "TutorLLM",
  "original_accuracy": 0.5,
  "pre_test_accuracy": 0.6,
  "post_test_run1": 0.9,
  "post_test_run2": 0.8,
  "max_post_test_accuracy": 0.9,
  "avg_post_test_accuracy": 0.8500000000000001,
  "min_post_test_accuracy": 0.8,
  "learning_gain_max": 0.7500000000000001,
  "learning_gain_avg": 0.6250000000000002,
  "learning_gain_min": 0.5000000000000001,
  "improvement_max": 0.30000000000000004,
  "improvement_avg": 0.2500000000000001,
  "improvement_min": 0.20000000000000007
}