{
  "student_id": 3052,
  "dataset": "nips_task34",
  "concept_text": "Time",
  "concept_id": "26",
  "method": "TutorLLM",
  "original_accuracy": 0.46153846153846156,
  "pre_test_accuracy": 0.5,
  "post_test_run1": 0.7,
  "post_test_run2": 0.7,
  "max_post_test_accuracy": 0.7,
  "avg_post_test_accuracy": 0.7,
  "min_post_test_accuracy": 0.7,
  "learning_gain_max": 0.3999999999999999,
  "learning_gain_avg": 0.3999999999999999,
  "learning_gain_min": 0.3999999999999999,
  "improvement_max": 0.19999999999999996,
  "improvement_avg": 0.19999999999999996,
  "improvement_min": 0.19999999999999996
}