{
  "student_id": 2202,
  "dataset": "nips_task34",
  "concept_text": "Multiplying and Dividing Negative Numbers",
  "concept_id": "7",
  "method": "TutorLLM",
  "original_accuracy": 0.21428571428571427,
  "pre_test_accuracy": 0.2,
  "post_test_run1": 0.6,
  "post_test_run2": 0.7,
  "max_post_test_accuracy": 0.7,
  "avg_post_test_accuracy": 0.6499999999999999,
  "min_post_test_accuracy": 0.6,
  "learning_gain_max": 0.6249999999999999,
  "learning_gain_avg": 0.5624999999999999,
  "learning_gain_min": 0.49999999999999994,
  "improvement_max": 0.49999999999999994,
  "improvement_avg": 0.4499999999999999,
  "improvement_min": 0.39999999999999997
}