{
  "student_id": 2762,
  "dataset": "nips_task34",
  "concept_text": "Multiplying and Dividing Negative Numbers",
  "concept_id": "7",
  "method": "TutorLLM",
  "original_accuracy": 0.3333333333333333,
  "pre_test_accuracy": 0.3,
  "post_test_run1": 0.7,
  "post_test_run2": 0.7,
  "max_post_test_accuracy": 0.7,
  "avg_post_test_accuracy": 0.7,
  "min_post_test_accuracy": 0.7,
  "learning_gain_max": 0.5714285714285714,
  "learning_gain_avg": 0.5714285714285714,
  "learning_gain_min": 0.5714285714285714,
  "improvement_max": 0.39999999999999997,
  "improvement_avg": 0.39999999999999997,
  "improvement_min": 0.39999999999999997
}