{
  "student_id": 2996,
  "dataset": "nips_task34",
  "concept_text": "Line Symmetry",
  "concept_id": "31",
  "method": "TutorLLM",
  "original_accuracy": 0.5384615384615384,
  "pre_test_accuracy": 0.5,
  "post_test_run1": 0.6,
  "post_test_run2": 0.6,
  "max_post_test_accuracy": 0.6,
  "avg_post_test_accuracy": 0.6,
  "min_post_test_accuracy": 0.6,
  "learning_gain_max": 0.19999999999999996,
  "learning_gain_avg": 0.19999999999999996,
  "learning_gain_min": 0.19999999999999996,
  "improvement_max": 0.09999999999999998,
  "improvement_avg": 0.09999999999999998,
  "improvement_min": 0.09999999999999998
}