{
  "student_id": 2935,
  "dataset": "nips_task34",
  "concept_text": "Place Value",
  "concept_id": "27",
  "method": "TutorLLM",
  "original_accuracy": 0.23076923076923078,
  "pre_test_accuracy": 0.2,
  "post_test_run1": 0.9,
  "post_test_run2": 0.8,
  "max_post_test_accuracy": 0.9,
  "avg_post_test_accuracy": 0.8500000000000001,
  "min_post_test_accuracy": 0.8,
  "learning_gain_max": 0.8749999999999999,
  "learning_gain_avg": 0.8125000000000001,
  "learning_gain_min": 0.7500000000000001,
  "improvement_max": 0.7,
  "improvement_avg": 0.6500000000000001,
  "improvement_min": 0.6000000000000001
}