{
  "dataset": "bridge2006",
  "method": "TutorLLM-conservative",
  "num_students": 10,
  "strategy_max": {
    "name": "\u6700\u9ad8\u5206\u7b56\u7565 (2\u6b21\u53d6\u6700\u9ad8)",
    "avg_learning_gain": 0.44380952380952393,
    "std_learning_gain": 0.38798274735469623,
    "median_learning_gain": 0.6000000000000001,
    "min_gain": -0.4,
    "max_gain": 0.8571428571428573,
    "num_positive_gain": 9,
    "num_negative_gain": 1
  },
  "strategy_avg": {
    "name": "\u5e73\u5747\u5206\u7b56\u7565 (2\u6b21\u53d6\u5e73\u5747)",
    "avg_learning_gain": 0.36547619047619045,
    "std_learning_gain": 0.409017852210091,
    "median_learning_gain": 0.41428571428571426,
    "min_gain": -0.5,
    "max_gain": 0.8571428571428573,
    "num_positive_gain": 8,
    "num_negative_gain": 2
  },
  "strategy_min": {
    "name": "\u6700\u4f4e\u5206\u7b56\u7565 (2\u6b21\u53d6\u6700\u4f4e)",
    "avg_learning_gain": 0.28714285714285714,
    "std_learning_gain": 0.4531019039343737,
    "median_learning_gain": 0.34285714285714286,
    "min_gain": -0.6,
    "max_gain": 0.8571428571428573,
    "num_positive_gain": 8,
    "num_negative_gain": 2
  },
  "note": "\u5305\u542b\u4e09\u79cd\u7b56\u7565\uff1a1) 2\u6b21\u6700\u9ad8\u5206 2) 2\u6b21\u5e73\u5747\u5206 3) 2\u6b21\u6700\u4f4e\u5206\uff0c\u5747\u5305\u542b\u6240\u6709learning gain\uff08\u542b\u8d1f\u6570\uff09",
  "students": [
    {
      "student_id": 519,
      "dataset": "bridge2006",
      "concept_text": "Calculate product of two numbers",
      "concept_id": "20",
      "method": "TutorLLM",
      "original_accuracy": 0.4411764705882353,
      "pre_test_accuracy": 0.4,
      "post_test_run1": 0.8,
      "post_test_run2": 0.8,
      "max_post_test_accuracy": 0.8,
      "avg_post_test_accuracy": 0.8,
      "min_post_test_accuracy": 0.8,
      "learning_gain_max": 0.6666666666666667,
      "learning_gain_avg": 0.6666666666666667,
      "learning_gain_min": 0.6666666666666667,
      "improvement_max": 0.4,
      "improvement_avg": 0.4,
      "improvement_min": 0.4
    },
    {
      "student_id": 834,
      "dataset": "bridge2006",
      "concept_text": "Identify larger quantity -- addition",
      "concept_id": "7",
      "method": "TutorLLM",
      "original_accuracy": 0.5454545454545454,
      "pre_test_accuracy": 0.5,
      "post_test_run1": 0.3,
      "post_test_run2": 0.2,
      "max_post_test_accuracy": 0.3,
      "avg_post_test_accuracy": 0.25,
      "min_post_test_accuracy": 0.2,
      "learning_gain_max": -0.4,
      "learning_gain_avg": -0.5,
      "learning_gain_min": -0.6,
      "improvement_max": -0.2,
      "improvement_avg": -0.25,
      "improvement_min": -0.3
    },
    {
      "student_id": 360,
      "dataset": "bridge2006",
      "concept_text": "Identify negative integer from number line",
      "concept_id": "279",
      "method": "TutorLLM",
      "original_accuracy": 0.5,
      "pre_test_accuracy": 0.5,
      "post_test_run1": 0.9,
      "post_test_run2": 0.9,
      "max_post_test_accuracy": 0.9,
      "avg_post_test_accuracy": 0.9,
      "min_post_test_accuracy": 0.9,
      "learning_gain_max": 0.8,
      "learning_gain_avg": 0.8,
      "learning_gain_min": 0.8,
      "improvement_max": 0.4,
      "improvement_avg": 0.4,
      "improvement_min": 0.4
    },
    {
      "student_id": 842,
      "dataset": "bridge2006",
      "concept_text": "Identify larger quantity -- addition",
      "concept_id": "7",
      "method": "TutorLLM",
      "original_accuracy": 0.4166666666666667,
      "pre_test_accuracy": 0.5,
      "post_test_run1": 0.7,
      "post_test_run2": 0.8,
      "max_post_test_accuracy": 0.8,
      "avg_post_test_accuracy": 0.75,
      "min_post_test_accuracy": 0.7,
      "learning_gain_max": 0.6000000000000001,
      "learning_gain_avg": 0.5,
      "learning_gain_min": 0.3999999999999999,
      "improvement_max": 0.30000000000000004,
      "improvement_avg": 0.25,
      "improvement_min": 0.19999999999999996
    },
    {
      "student_id": 799,
      "dataset": "bridge2006",
      "concept_text": "Identify larger quantity -- subtraction",
      "concept_id": "15",
      "method": "TutorLLM",
      "original_accuracy": 0.4166666666666667,
      "pre_test_accuracy": 0.5,
      "post_test_run1": 0.6,
      "post_test_run2": 0.8,
      "max_post_test_accuracy": 0.8,
      "avg_post_test_accuracy": 0.7,
      "min_post_test_accuracy": 0.6,
      "learning_gain_max": 0.6000000000000001,
      "learning_gain_avg": 0.3999999999999999,
      "learning_gain_min": 0.19999999999999996,
      "improvement_max": 0.30000000000000004,
      "improvement_avg": 0.19999999999999996,
      "improvement_min": 0.09999999999999998
    },
    {
      "student_id": 843,
      "dataset": "bridge2006",
      "concept_text": "Identify larger quantity -- subtraction",
      "concept_id": "15",
      "method": "TutorLLM",
      "original_accuracy": 0.2857142857142857,
      "pre_test_accuracy": 0.3,
      "post_test_run1": 0.5,
      "post_test_run2": 0.5,
      "max_post_test_accuracy": 0.5,
      "avg_post_test_accuracy": 0.5,
      "min_post_test_accuracy": 0.5,
      "learning_gain_max": 0.28571428571428575,
      "learning_gain_avg": 0.28571428571428575,
      "learning_gain_min": 0.28571428571428575,
      "improvement_max": 0.2,
      "improvement_avg": 0.2,
      "improvement_min": 0.2
    },
    {
      "student_id": 1053,
      "dataset": "bridge2006",
      "concept_text": "Identify larger quantity -- multiplication",
      "concept_id": "0",
      "method": "TutorLLM",
      "original_accuracy": 0.375,
      "pre_test_accuracy": 0.3,
      "post_test_run1": 0.6,
      "post_test_run2": 0.6,
      "max_post_test_accuracy": 0.6,
      "avg_post_test_accuracy": 0.6,
      "min_post_test_accuracy": 0.6,
      "learning_gain_max": 0.4285714285714286,
      "learning_gain_avg": 0.4285714285714286,
      "learning_gain_min": 0.4285714285714286,
      "improvement_max": 0.3,
      "improvement_avg": 0.3,
      "improvement_min": 0.3
    },
    {
      "student_id": 871,
      "dataset": "bridge2006",
      "concept_text": "Identify larger quantity -- multiplication",
      "concept_id": "0",
      "method": "TutorLLM",
      "original_accuracy": 0.3333333333333333,
      "pre_test_accuracy": 0.4,
      "post_test_run1": 0.3,
      "post_test_run2": 0.4,
      "max_post_test_accuracy": 0.4,
      "avg_post_test_accuracy": 0.35,
      "min_post_test_accuracy": 0.3,
      "learning_gain_max": 0.0,
      "learning_gain_avg": -0.08333333333333341,
      "learning_gain_min": -0.16666666666666674,
      "improvement_max": 0.0,
      "improvement_avg": -0.050000000000000044,
      "improvement_min": -0.10000000000000003
    },
    {
      "student_id": 613,
      "dataset": "bridge2006",
      "concept_text": "Identify number of equal divisions (vertical bar)",
      "concept_id": "31",
      "method": "TutorLLM",
      "original_accuracy": 0.5,
      "pre_test_accuracy": 0.5,
      "post_test_run1": 0.8,
      "post_test_run2": 0.5,
      "max_post_test_accuracy": 0.8,
      "avg_post_test_accuracy": 0.65,
      "min_post_test_accuracy": 0.5,
      "learning_gain_max": 0.6000000000000001,
      "learning_gain_avg": 0.30000000000000004,
      "learning_gain_min": 0.0,
      "improvement_max": 0.30000000000000004,
      "improvement_avg": 0.15000000000000002,
      "improvement_min": 0.0
    },
    {
      "student_id": 73,
      "dataset": "bridge2006",
      "concept_text": "Identify LCM - one number multiple of other",
      "concept_id": "24",
      "method": "TutorLLM",
      "original_accuracy": 0.375,
      "pre_test_accuracy": 0.3,
      "post_test_run1": 0.9,
      "post_test_run2": 0.9,
      "max_post_test_accuracy": 0.9,
      "avg_post_test_accuracy": 0.9,
      "min_post_test_accuracy": 0.9,
      "learning_gain_max": 0.8571428571428573,
      "learning_gain_avg": 0.8571428571428573,
      "learning_gain_min": 0.8571428571428573,
      "improvement_max": 0.6000000000000001,