{
  "dataset": "algebra2005",
  "num_students": 9,
  "method": "TASA-best-of-2",
  "overall": {
    "avg_learning_gain": 0.482010582010582,
    "std_learning_gain": 0.21287602155784435,
    "median_learning_gain": 0.4285714285714286,
    "avg_improvement": 0.3111111111111111,
    "min_gain": 0.16666666666666663,
    "max_gain": 0.8571428571428573
  },
  "by_level": {
    "struggling": {
      "count": 5,
      "avg_gain": 0.5142857142857143,
      "avg_pre_test": 0.3
    },
    "developing": {
      "count": 4,
      "avg_gain": 0.44166666666666665,
      "avg_pre_test": 0.42500000000000004
    },
    "competent": {
      "count": 0,
      "avg_gain": 0,
      "avg_pre_test": 0
    },
    "strong": {
      "count": 0,
      "avg_gain": 0,
      "avg_pre_test": 0
    }
  },
  "students": [
    {
      "student_id": 48,
      "dataset": "algebra2005",
      "concept_text": "Find X@@@@ Simple",
      "concept_id": "37",
      "original_accuracy": 0.44,
      "pre_test_accuracy": 0.4,
      "accuracy_deviation": 0.03999999999999998,
      "num_runs": 2,
      "run1": {
        "run_id": 1,
        "post_test_accuracy": 0.8,
        "learning_gain": 0.6666666666666667,
        "improvement": 0.4
      },
      "run2": {
        "run_id": 2,
        "post_test_accuracy": 0.7,
        "learning_gain": 0.4999999999999999,
        "improvement": 0.29999999999999993
      },
      "best_run": 1,
      "best_post_test_accuracy": 0.8,
      "best_learning_gain": 0.6666666666666667,
      "best_improvement": 0.4
    },
    {
      "student_id": 370,
      "dataset": "algebra2005",
      "concept_text": "Identifying units",
      "concept_id": "25",
      "original_accuracy": 0.3333333333333333,
      "pre_test_accuracy": 0.4,
      "accuracy_deviation": 0.06666666666666671,
      "num_runs": 2,
      "run1": {
        "run_id": 1,
        "post_test_accuracy": 0.6,
        "learning_gain": 0.33333333333333326,
        "improvement": 0.19999999999999996
      },
      "run2": {
        "run_id": 2,
        "post_test_accuracy": 0.5,
        "learning_gain": 0.16666666666666663,
        "improvement": 0.09999999999999998
      },
      "best_run": 1,
      "best_post_test_accuracy": 0.6,
      "best_learning_gain": 0.33333333333333326,
      "best_improvement": 0.19999999999999996
    },
    {
      "student_id": 52,
      "dataset": "algebra2005",
      "concept_text": "Find Y@@@@ positive slope",
      "concept_id": "38",
      "original_accuracy": 0.28888888888888886,
      "pre_test_accuracy": 0.3,
      "accuracy_deviation": 0.011111111111111127,
      "num_runs": 2,
      "run1": {
        "run_id": 1,
        "post_test_accuracy": 0.6,
        "learning_gain": 0.4285714285714286,
        "improvement": 0.3
      },
      "run2": {
        "run_id": 2,
        "post_test_accuracy": 0.4,
        "learning_gain": 0.1428571428571429,
        "improvement": 0.10000000000000003
      },
      "best_run": 1,
      "best_post_test_accuracy": 0.6,
      "best_learning_gain": 0.4285714285714286,
      "best_improvement": 0.3
    },
    {
      "student_id": 565,
      "dataset": "algebra2005",
      "concept_text": "Using small numbers",
      "concept_id": "31",
      "original_accuracy": 0.3333333333333333,
      "pre_test_accuracy": 0.3,
      "accuracy_deviation": 0.033333333333333326,
      "num_runs": 2,
      "run1": {
        "run_id": 1,
        "post_test_accuracy": 0.6,
        "learning_gain": 0.4285714285714286,
        "improvement": 0.3
      },
      "run2": {
        "run_id": 2,
        "post_test_accuracy": 0.5,
        "learning_gain": 0.28571428571428575,
        "improvement": 0.2
      },
      "best_run": 1,
      "best_post_test_accuracy": 0.6,
      "best_learning_gain": 0.4285714285714286,
      "best_improvement": 0.3
    },
    {
      "student_id": 300,
      "dataset": "algebra2005",
      "concept_text": "Using large numbers",
      "concept_id": "28",
      "original_accuracy": 0.4117647058823529,
      "pre_test_accuracy": 0.5,
      "accuracy_deviation": 0.08823529411764708,
      "num_runs": 2,
      "run1": {
        "run_id": 1,
        "post_test_accuracy": 0.7,
        "learning_gain": 0.3999999999999999,
        "improvement": 0.19999999999999996
      },
      "run2": {
        "run_id": 2,
        "post_test_accuracy": 0.8,
        "learning_gain": 0.6000000000000001,
        "improvement": 0.30000000000000004
      },
      "best_run": 2,
      "best_post_test_accuracy": 0.8,
      "best_learning_gain": 0.6000000000000001,
      "best_improvement": 0.30000000000000004
    },
    {
      "student_id": 109,
      "dataset": "algebra2005",
      "concept_text": "Write expression@@@@ negative slope",
      "concept_id": "44",
      "original_accuracy": 0.391304347826087,
      "pre_test_accuracy": 0.3,
      "accuracy_deviation": 0.09130434782608698,
      "num_runs": 2,
      "run1": {
        "run_id": 1,
        "post_test_accuracy": 0.7,
        "learning_gain": 0.5714285714285714,
        "improvement": 0.39999999999999997
      },
      "run2": {
        "run_id": 2,
        "post_test_accuracy": 0.6,
        "learning_gain": 0.4285714285714286,
        "improvement": 0.3
      },
      "best_run": 1,
      "best_post_test_accuracy": 0.7,
      "best_learning_gain": 0.5714285714285714,
      "best_improvement": 0.39999999999999997
    },
    {
      "student_id": 120,
      "dataset": "algebra2005",
      "concept_text": "Write expression@@@@ negative slope",
      "concept_id": "44",
      "original_accuracy": 0.36363636363636365,
      "pre_test_accuracy": 0.3,
      "accuracy_deviation": 0.06363636363636366,
      "num_runs": 2,
      "run1": {
        "run_id": 1,
        "post_test_accuracy": 0.8,
        "learning_gain": 0.7142857142857143,
        "improvement": 0.5
      },
      "run2": {
        "run_id": 2,
        "post_test_accuracy": 0.9,
        "learning_gain": 0.8571428571428573,
        "improvement": 0.6000000000000001
      },
      "best_run": 2,
      "best_post_test_accuracy": 0.9,
      "best_learning_gain": 0.8571428571428573,
      "best_improvement": 0.6000000000000001
    },
    {
      "student_id": 457,
      "dataset": "algebra2005",
      "concept_text": "Using difficult numbers",
      "concept_id": "33",
      "original_accuracy": 0.4,
      "pre_test_accuracy": 0.4,
      "accuracy_deviation": 0.0,
      "num_runs": 2,
      "run1": {
        "run_id": 1,
        "post_test_accuracy": 0.3,
        "learning_gain": -0.16666666666666674,
        "improvement": -0.10000000000000003
      },
      "run2": {
        "run_id": 2,
        "post_test_accuracy": 0.5,
        "learning_gain": 0.16666666666666663,
        "improvement": 0.09999999999999998
      },
      "best_run": 2,
      "best_post_test_accuracy": 0.5,
      "best_learning_gain": 0.16666666666666663,
      "best_improvement": 0.09999999999999998
    },
    {
      "student_id": 504,
      "dataset": "algebra2005",
      "concept_text": "Setting the slope",
      "concept_id": "88",
      "original_accuracy": 0.21052631578947367,
      "pre_test_accuracy": 0.3,
      "accuracy_deviation": 0.08947368421052632,
      "num_runs": 2,
      "run1": {
        "run_id": 1,
        "post_test_accuracy": 0.5,
        "learning_gain": 0.28571428571428575,
        "improvement": 0.2
      },
      "run2": {
        "run_id": 2,
        "post_test_accuracy": 0.5,
        "learning_gain": 0.28571428571428575,
        "improvement": 0.2
      },
      "best_run": 1,
      "best_post_test_accuracy": 0.5,
      "best_learning_gain": 0.28571428571428575,
      "best_improvement": 0.2
    }
  ]
}