{
  "student_id": 370,
  "dataset": "algebra2005",
  "concept_text": "Identifying units",
  "concept_id": "25",
  "method": "PSS-MV",
  "original_accuracy": 0.3333333333333333,
  "pre_test_accuracy": 0.4,
  "post_test_run1": 0.7,
  "post_test_run2": 0.7,
  "max_post_test_accuracy": 0.7,
  "avg_post_test_accuracy": 0.7,
  "min_post_test_accuracy": 0.7,
  "learning_gain_max": 0.4999999999999999,
  "learning_gain_avg": 0.4999999999999999,
  "learning_gain_min": 0.4999999999999999,
  "improvement_max": 0.29999999999999993,
  "improvement_avg": 0.29999999999999993,
  "improvement_min": 0.29999999999999993
}