{
  "dataset": "assist2017",
  "lambda_value": 0.7,
  "backbone": "llama",
  "num_students": 10,
  "strategy_max": {
    "avg_learning_gain": 0.5028571428571429,
    "std_learning_gain": 0.21302486201552787,
    "median_learning_gain": 0.4285714285714286
  },
  "students": [
    {
      "student_id": 170,
      "dataset": "assist2017",
      "concept_text": "fraction-multiplication",
      "concept_id": "29",
      "original_accuracy": 0.3333333333333333,
      "pre_test_accuracy": 0.3,
      "accuracy_deviation": 0.033333333333333326,
      "num_runs": 2,
      "run1": {
        "run_id": 1,
        "post_test_accuracy": 0.2,
        "learning_gain": -0.14285714285714282,
        "improvement": -0.09999999999999998
      },
      "run2": {
        "run_id": 2,
        "post_test_accuracy": 0.5,
        "learning_gain": 0.28571428571428575,
        "improvement": 0.2
      },
      "best_run": 2,
      "best_post_test_accuracy": 0.5,
      "best_learning_gain": 0.28571428571428575,
      "best_improvement": 0.2
    },
    {
      "student_id": 307,
      "dataset": "assist2017",
      "concept_text": "perimeter",
      "concept_id": "6",
      "original_accuracy": 0.4,
      "pre_test_accuracy": 0.5,
      "accuracy_deviation": 0.09999999999999998,
      "num_runs": 2,
      "run1": {
        "run_id": 1,
        "post_test_accuracy": 0.8,
        "learning_gain": 0.6000000000000001,
        "improvement": 0.30000000000000004
      },
      "run2": {
        "run_id": 2,
        "post_test_accuracy": 0.8,
        "learning_gain": 0.6000000000000001,
        "improvement": 0.30000000000000004
      },
      "best_run": 1,
      "best_post_test_accuracy": 0.8,
      "best_learning_gain": 0.6000000000000001,
      "best_improvement": 0.30000000000000004
    },
    {
      "student_id": 183,
      "dataset": "assist2017",
      "concept_text": "fraction-multiplication",
      "concept_id": "29",
      "original_accuracy": 0.375,
      "pre_test_accuracy": 0.4,
      "accuracy_deviation": 0.025000000000000022,
      "num_runs": 2,
      "run1": {
        "run_id": 1,
        "post_test_accuracy": 0.5,
        "learning_gain": 0.16666666666666663,
        "improvement": 0.09999999999999998
      },
      "run2": {
        "run_id": 2,
        "post_test_accuracy": 0.6,
        "learning_gain": 0.33333333333333326,
        "improvement": 0.19999999999999996
      },
      "best_run": 2,
      "best_post_test_accuracy": 0.6,
      "best_learning_gain": 0.33333333333333326,
      "best_improvement": 0.19999999999999996
    },
    {
      "student_id": 491,
      "dataset": "assist2017",
      "concept_text": "percents",
      "concept_id": "68",
      "original_accuracy": 0.2727272727272727,
      "pre_test_accuracy": 0.3,
      "accuracy_deviation": 0.027272727272727282,
      "num_runs": 2,
      "run1": {
        "run_id": 1,
        "post_test_accuracy": 0.4,
        "learning_gain": 0.1428571428571429,
        "improvement": 0.10000000000000003
      },
      "run2": {
        "run_id": 2,
        "post_test_accuracy": 0.5,
        "learning_gain": 0.28571428571428575,
        "improvement": 0.2
      },
      "best_run": 2,
      "best_post_test_accuracy": 0.5,
      "best_learning_gain": 0.28571428571428575,
      "best_improvement": 0.2
    },
    {
      "student_id": 570,
      "dataset": "assist2017",
      "concept_text": "sum-of-interior-angles-triangle",
      "concept_id": "36",
      "original_accuracy": 0.2,
      "pre_test_accuracy": 0.3,
      "accuracy_deviation": 0.09999999999999998,
      "num_runs": 2,
      "run1": {
        "run_id": 1,
        "post_test_accuracy": 0.5,
        "learning_gain": 0.28571428571428575,
        "improvement": 0.2
      },
      "run2": {
        "run_id": 2,
        "post_test_accuracy": 0.6,
        "learning_gain": 0.4285714285714286,
        "improvement": 0.3
      },
      "best_run": 2,
      "best_post_test_accuracy": 0.6,
      "best_learning_gain": 0.4285714285714286,
      "best_improvement": 0.3
    },
    {
      "student_id": 304,
      "dataset": "assist2017",
      "concept_text": "perimeter",
      "concept_id": "6",
      "original_accuracy": 0.3333333333333333,
      "pre_test_accuracy": 0.3,
      "accuracy_deviation": 0.033333333333333326,
      "num_runs": 2,
      "run1": {
        "run_id": 1,
        "post_test_accuracy": 0.5,
        "learning_gain": 0.28571428571428575,
        "improvement": 0.2
      },
      "run2": {
        "run_id": 2,
        "post_test_accuracy": 0.8,
        "learning_gain": 0.7142857142857143,
        "improvement": 0.5
      },
      "best_run": 2,
      "best_post_test_accuracy": 0.8,
      "best_learning_gain": 0.7142857142857143,
      "best_improvement": 0.5
    },
    {
      "student_id": 119,
      "dataset": "assist2017",
      "concept_text": "equivalent-fractions-decimals-percents",
      "concept_id": "27",
      "original_accuracy": 0.4166666666666667,
      "pre_test_accuracy": 0.4,
      "accuracy_deviation": 0.016666666666666663,
      "num_runs": 2,
      "run1": {
        "run_id": 1,
        "post_test_accuracy": 0.9,
        "learning_gain": 0.8333333333333334,
        "improvement": 0.5
      },
      "run2": {
        "run_id": 2,
        "post_test_accuracy": 0.7,
        "learning_gain": 0.4999999999999999,
        "improvement": 0.29999999999999993
      },
      "best_run": 1,
      "best_post_test_accuracy": 0.9,
      "best_learning_gain": 0.8333333333333334,
      "best_improvement": 0.5
    },
    {
      "student_id": 774,
      "dataset": "assist2017",
      "concept_text": "percents",
      "concept_id": "68",
      "original_accuracy": 0.3,
      "pre_test_accuracy": 0.3,
      "accuracy_deviation": 0.0,
      "num_runs": 2,
      "run1": {
        "run_id": 1,
        "post_test_accuracy": 0.5,
        "learning_gain": 0.28571428571428575,
        "improvement": 0.2
      },
      "run2": {
        "run_id": 2,
        "post_test_accuracy": 0.3,
        "learning_gain": 0.0,
        "improvement": 0.0
      },
      "best_run": 1,
      "best_post_test_accuracy": 0.5,
      "best_learning_gain": 0.28571428571428575,
      "best_improvement": 0.2
    },
    {
      "student_id": 1098,
      "dataset": "assist2017",
      "concept_text": "combinatorics",
      "concept_id": "59",
      "original_accuracy": 0.375,
      "pre_test_accuracy": 0.4,
      "accuracy_deviation": 0.025000000000000022,
      "num_runs": 2,
      "run1": {
        "run_id": 1,
        "post_test_accuracy": 0.8,
        "learning_gain": 0.6666666666666667,
        "improvement": 0.4
      },
      "run2": {
        "run_id": 2,
        "post_test_accuracy": 0.9,
        "learning_gain": 0.8333333333333334,
        "improvement": 0.5
      },
      "best_run": 2,
      "best_post_test_accuracy": 0.9,
      "best_learning_gain": 0.8333333333333334,
      "best_improvement": 0.5
    },
    {
      "student_id": 1093,
      "dataset": "assist2017",
      "concept_text": "discount",
      "concept_id": "35",
      "original_accuracy": 0.2,
      "pre_test_accuracy": 0.3,
      "accuracy_deviation": 0.09999999999999998,
      "num_runs": 2,
      "run1": {
        "run_id": 1,
        "post_test_accuracy": 0.5,
        "learning_gain": 0.28571428571428575,
        "improvement": 0.2
      },
      "run2": {
        "run_id": 2,
        "post_test_accuracy": 0.6,
        "learning_gain": 0.4285714285714286,
        "improvement": 0.3
      },
      "best_run": 2,
      "best_post_test_accuracy": 0.6,
      "best_learning_gain": 0.4285714285714286,
      "best_improvement": 0.3
    }
  ]
}