{
  "dataset": "algebra2005",
  "method": "TutorLLM-conservative",
  "num_students": 5,
  "strategy_max": {
    "name": "\u6700\u9ad8\u5206\u7b56\u7565 (2\u6b21\u53d6\u6700\u9ad8)",
    "avg_learning_gain": 0.7552380952380953,
    "std_learning_gain": 0.11613581852585883,
    "median_learning_gain": 0.8,
    "min_gain": 0.5714285714285714,
    "max_gain": 0.8571428571428573,
    "num_positive_gain": 5,
    "num_negative_gain": 0
  },
  "strategy_avg": {
    "name": "\u5e73\u5747\u5206\u7b56\u7565 (2\u6b21\u53d6\u5e73\u5747)",
    "avg_learning_gain": 0.6214285714285716,
    "std_learning_gain": 0.18488827293635407,
    "median_learning_gain": 0.7142857142857143,
    "min_gain": 0.35714285714285726,
    "max_gain": 0.7857142857142858,
    "num_positive_gain": 5,
    "num_negative_gain": 0
  },
  "strategy_min": {
    "name": "\u6700\u4f4e\u5206\u7b56\u7565 (2\u6b21\u53d6\u6700\u4f4e)",
    "avg_learning_gain": 0.4876190476190477,
    "std_learning_gain": 0.2899996090387544,
    "median_learning_gain": 0.6666666666666667,
    "min_gain": 0.1428571428571429,
    "max_gain": 0.7142857142857143,
    "num_positive_gain": 5,
    "num_negative_gain": 0
  },
  "note": "\u5305\u542b\u4e09\u79cd\u7b56\u7565\uff1a1) 2\u6b21\u6700\u9ad8\u5206 2) 2\u6b21\u5e73\u5747\u5206 3) 2\u6b21\u6700\u4f4e\u5206\uff0c\u5747\u5305\u542b\u6240\u6709learning gain\uff08\u542b\u8d1f\u6570\uff09",
  "students": [
    {
      "student_id": 48,
      "dataset": "algebra2005",
      "concept_text": "Find X@@@@ Simple",
      "concept_id": "37",
      "method": "TutorLLM",
      "original_accuracy": 0.44,
      "pre_test_accuracy": 0.4,
      "post_test_run1": 0.9,
      "post_test_run2": 0.8,
      "max_post_test_accuracy": 0.9,
      "avg_post_test_accuracy": 0.8500000000000001,
      "min_post_test_accuracy": 0.8,
      "learning_gain_max": 0.8333333333333334,
      "learning_gain_avg": 0.7500000000000001,
      "learning_gain_min": 0.6666666666666667,
      "improvement_max": 0.5,
      "improvement_avg": 0.45000000000000007,
      "improvement_min": 0.4
    },
    {
      "student_id": 300,
      "dataset": "algebra2005",
      "concept_text": "Using large numbers",
      "concept_id": "28",
      "method": "TutorLLM",
      "original_accuracy": 0.4117647058823529,
      "pre_test_accuracy": 0.5,
      "post_test_run1": 0.6,
      "post_test_run2": 0.9,
      "max_post_test_accuracy": 0.9,
      "avg_post_test_accuracy": 0.75,
      "min_post_test_accuracy": 0.6,
      "learning_gain_max": 0.8,
      "learning_gain_avg": 0.5,
      "learning_gain_min": 0.19999999999999996,
      "improvement_max": 0.4,
      "improvement_avg": 0.25,
      "improvement_min": 0.09999999999999998
    },
    {
      "student_id": 109,
      "dataset": "algebra2005",
      "concept_text": "Write expression@@@@ negative slope",
      "concept_id": "44",
      "method": "TutorLLM",
      "original_accuracy": 0.391304347826087,
      "pre_test_accuracy": 0.3,
      "post_test_run1": 0.8,
      "post_test_run2": 0.8,
      "max_post_test_accuracy": 0.8,
      "avg_post_test_accuracy": 0.8,
      "min_post_test_accuracy": 0.8,
      "learning_gain_max": 0.7142857142857143,
      "learning_gain_avg": 0.7142857142857143,
      "learning_gain_min": 0.7142857142857143,
      "improvement_max": 0.5,
      "improvement_avg": 0.5,
      "improvement_min": 0.5
    },
    {
      "student_id": 52,
      "dataset": "algebra2005",
      "concept_text": "Find Y@@@@ positive slope",
      "concept_id": "38",
      "method": "TutorLLM",
      "original_accuracy": 0.28888888888888886,
      "pre_test_accuracy": 0.3,
      "post_test_run1": 0.4,
      "post_test_run2": 0.7,
      "max_post_test_accuracy": 0.7,
      "avg_post_test_accuracy": 0.55,
      "min_post_test_accuracy": 0.4,
      "learning_gain_max": 0.5714285714285714,
      "learning_gain_avg": 0.35714285714285726,
      "learning_gain_min": 0.1428571428571429,
      "improvement_max": 0.39999999999999997,
      "improvement_avg": 0.25000000000000006,
      "improvement_min": 0.10000000000000003
    },
    {
      "student_id": 120,
      "dataset": "algebra2005",
      "concept_text": "Write expression@@@@ negative slope",
      "concept_id": "44",
      "method": "TutorLLM",
      "original_accuracy": 0.36363636363636365,
      "pre_test_accuracy": 0.3,
      "post_test_run1": 0.9,
      "post_test_run2": 0.8,
      "max_post_test_accuracy": 0.9,
      "avg_post_test_accuracy": 0.8500000000000001,
      "min_post_test_accuracy": 0.8,
      "learning_gain_max": 0.8571428571428573,
      "learning_gain_avg": 0.7857142857142858,
      "learning_gain_min": 0.7142857142857143,
      "improvement_max": 0.6000000000000001,
      "improvement_avg": 0.55,
      "improvement_min": 0.5
    }
  ]
}