{
  "dataset": "assist2017",
  "method": "Vanilla-ICL-conservative",
  "num_students": 10,
  "strategy_max": {
    "name": "\u6700\u9ad8\u5206\u7b56\u7565 (2\u6b21\u53d6\u6700\u9ad8)",
    "avg_learning_gain": 0.5419047619047619,
    "std_learning_gain": 0.32749843971709663,
    "median_learning_gain": 0.6190476190476191,
    "min_gain": -0.14285714285714282,
    "max_gain": 0.8571428571428573,
    "num_positive_gain": 9,
    "num_negative_gain": 1
  },
  "strategy_avg": {
    "name": "\u5e73\u5747\u5206\u7b56\u7565 (2\u6b21\u53d6\u5e73\u5747)",
    "avg_learning_gain": 0.44785714285714284,
    "std_learning_gain": 0.3320125951160538,
    "median_learning_gain": 0.45833333333333326,
    "min_gain": -0.21428571428571425,
    "max_gain": 0.8571428571428573,
    "num_positive_gain": 9,
    "num_negative_gain": 1
  },
  "strategy_min": {
    "name": "\u6700\u4f4e\u5206\u7b56\u7565 (2\u6b21\u53d6\u6700\u4f4e)",
    "avg_learning_gain": 0.35380952380952385,
    "std_learning_gain": 0.3824181457462749,
    "median_learning_gain": 0.30952380952380953,
    "min_gain": -0.2857142857142857,
    "max_gain": 0.8571428571428573,
    "num_positive_gain": 9,
    "num_negative_gain": 1
  },
  "note": "\u5305\u542b\u4e09\u79cd\u7b56\u7565\uff1a1) 2\u6b21\u6700\u9ad8\u5206 2) 2\u6b21\u5e73\u5747\u5206 3) 2\u6b21\u6700\u4f4e\u5206\uff0c\u5747\u5305\u542b\u6240\u6709learning gain\uff08\u542b\u8d1f\u6570\uff09",
  "students": [
    {
      "student_id": 119,
      "dataset": "assist2017",
      "concept_text": "equivalent-fractions-decimals-percents",
      "concept_id": "27",
      "method": "Vanilla-ICL",
      "original_accuracy": 0.4166666666666667,
      "pre_test_accuracy": 0.4,
      "post_test_run1": 0.8,
      "post_test_run2": 0.6,
      "max_post_test_accuracy": 0.8,
      "avg_post_test_accuracy": 0.7,
      "min_post_test_accuracy": 0.6,
      "learning_gain_max": 0.6666666666666667,
      "learning_gain_avg": 0.4999999999999999,
      "learning_gain_min": 0.33333333333333326,
      "improvement_max": 0.4,
      "improvement_avg": 0.29999999999999993,
      "improvement_min": 0.19999999999999996
    },
    {
      "student_id": 307,
      "dataset": "assist2017",
      "concept_text": "perimeter",
      "concept_id": "6",
      "method": "Vanilla-ICL",
      "original_accuracy": 0.4,
      "pre_test_accuracy": 0.5,
      "post_test_run1": 0.9,
      "post_test_run2": 0.9,
      "max_post_test_accuracy": 0.9,
      "avg_post_test_accuracy": 0.9,
      "min_post_test_accuracy": 0.9,
      "learning_gain_max": 0.8,
      "learning_gain_avg": 0.8,
      "learning_gain_min": 0.8,
      "improvement_max": 0.4,
      "improvement_avg": 0.4,
      "improvement_min": 0.4
    },
    {
      "student_id": 491,
      "dataset": "assist2017",
      "concept_text": "percents",
      "concept_id": "68",
      "method": "Vanilla-ICL",
      "original_accuracy": 0.2727272727272727,
      "pre_test_accuracy": 0.3,
      "post_test_run1": 0.1,
      "post_test_run2": 0.2,
      "max_post_test_accuracy": 0.2,
      "avg_post_test_accuracy": 0.15000000000000002,
      "min_post_test_accuracy": 0.1,
      "learning_gain_max": -0.14285714285714282,
      "learning_gain_avg": -0.21428571428571425,
      "learning_gain_min": -0.2857142857142857,
      "improvement_max": -0.09999999999999998,
      "improvement_avg": -0.14999999999999997,
      "improvement_min": -0.19999999999999998
    },
    {
      "student_id": 304,
      "dataset": "assist2017",
      "concept_text": "perimeter",
      "concept_id": "6",
      "method": "Vanilla-ICL",
      "original_accuracy": 0.3333333333333333,
      "pre_test_accuracy": 0.3,
      "post_test_run1": 0.9,
      "post_test_run2": 0.9,
      "max_post_test_accuracy": 0.9,
      "avg_post_test_accuracy": 0.9,
      "min_post_test_accuracy": 0.9,
      "learning_gain_max": 0.8571428571428573,
      "learning_gain_avg": 0.8571428571428573,
      "learning_gain_min": 0.8571428571428573,
      "improvement_max": 0.6000000000000001,
      "improvement_avg": 0.6000000000000001,
      "improvement_min": 0.6000000000000001
    },
    {
      "student_id": 774,
      "dataset": "assist2017",
      "concept_text": "percents",
      "concept_id": "68",
      "method": "Vanilla-ICL",
      "original_accuracy": 0.3,
      "pre_test_accuracy": 0.3,
      "post_test_run1": 0.4,
      "post_test_run2": 0.6,
      "max_post_test_accuracy": 0.6,
      "avg_post_test_accuracy": 0.5,
      "min_post_test_accuracy": 0.4,
      "learning_gain_max": 0.4285714285714286,
      "learning_gain_avg": 0.28571428571428575,
      "learning_gain_min": 0.1428571428571429,
      "improvement_max": 0.3,
      "improvement_avg": 0.2,
      "improvement_min": 0.10000000000000003
    },
    {
      "student_id": 1098,
      "dataset": "assist2017",
      "concept_text": "combinatorics",
      "concept_id": "59",
      "method": "Vanilla-ICL",
      "original_accuracy": 0.375,
      "pre_test_accuracy": 0.4,
      "post_test_run1": 0.9,
      "post_test_run2": 0.9,
      "max_post_test_accuracy": 0.9,
      "avg_post_test_accuracy": 0.9,
      "min_post_test_accuracy": 0.9,
      "learning_gain_max": 0.8333333333333334,
      "learning_gain_avg": 0.8333333333333334,
      "learning_gain_min": 0.8333333333333334,
      "improvement_max": 0.5,
      "improvement_avg": 0.5,
      "improvement_min": 0.5
    },
    {
      "student_id": 1093,
      "dataset": "assist2017",
      "concept_text": "discount",
      "concept_id": "35",
      "method": "Vanilla-ICL",
      "original_accuracy": 0.2,
      "pre_test_accuracy": 0.3,
      "post_test_run1": 0.7,
      "post_test_run2": 0.6,
      "max_post_test_accuracy": 0.7,
      "avg_post_test_accuracy": 0.6499999999999999,
      "min_post_test_accuracy": 0.6,
      "learning_gain_max": 0.5714285714285714,
      "learning_gain_avg": 0.49999999999999994,
      "learning_gain_min": 0.4285714285714286,
      "improvement_max": 0.39999999999999997,
      "improvement_avg": 0.3499999999999999,
      "improvement_min": 0.3
    },
    {
      "student_id": 170,
      "dataset": "assist2017",
      "concept_text": "fraction-multiplication",
      "concept_id": "29",
      "method": "Vanilla-ICL",
      "original_accuracy": 0.3333333333333333,
      "pre_test_accuracy": 0.3,
      "post_test_run1": 0.4,
      "post_test_run2": 0.5,
      "max_post_test_accuracy": 0.5,
      "avg_post_test_accuracy": 0.45,
      "min_post_test_accuracy": 0.4,
      "learning_gain_max": 0.28571428571428575,
      "learning_gain_avg": 0.21428571428571433,
      "learning_gain_min": 0.1428571428571429,
      "improvement_max": 0.2,
      "improvement_avg": 0.15000000000000002,
      "improvement_min": 0.10000000000000003
    },
    {
      "student_id": 570,
      "dataset": "assist2017",
      "concept_text": "sum-of-interior-angles-triangle",
      "concept_id": "36",
      "method": "Vanilla-ICL",
      "original_accuracy": 0.2,
      "pre_test_accuracy": 0.3,
      "post_test_run1": 0.5,
      "post_test_run2": 0.5,
      "max_post_test_accuracy": 0.5,
      "avg_post_test_accuracy": 0.5,
      "min_post_test_accuracy": 0.5,
      "learning_gain_max": 0.28571428571428575,
      "learning_gain_avg": 0.28571428571428575,
      "learning_gain_min": 0.28571428571428575,
      "improvement_max": 0.2,
      "improvement_avg": 0.2,
      "improvement_min": 0.2
    },
    {
      "student_id": 183,
      "dataset": "assist2017",
      "concept_text": "fraction-multiplication",
      "concept_id": "29",
      "method": "Vanilla-ICL",
      "original_accuracy": 0.375,
      "pre_test_accuracy": 0.4,
      "post_test_run1": 0.9,
      "post_test_run2": 0.4,
      "max_post_test_accuracy": 0.9,
      "avg_post_test_accuracy": 0.65,
      "min_post_test_accuracy": 0.4,
      "learning_gain_max": 0.8333333333333334,
      "learning_gain_avg": 0.4166666666666667,
      "learning_gain_min": 0.0,
      "improvement_max": 0.5,
      "improvement_avg": 0.25,