{
  "student_id": 457,
  "dataset": "algebra2005",
  "concept_text": "Using difficult numbers",
  "concept_id": "33",
  "method": "MathChat",
  "original_accuracy": 0.4,
  "pre_test_accuracy": 0.4,
  "post_test_run1": 0.5,
  "post_test_run2": 0.5,
  "max_post_test_accuracy": 0.5,
  "avg_post_test_accuracy": 0.5,
  "min_post_test_accuracy": 0.5,
  "learning_gain_max": 0.16666666666666663,
  "learning_gain_avg": 0.16666666666666663,
  "learning_gain_min": 0.16666666666666663,
  "improvement_max": 0.09999999999999998,
  "improvement_avg": 0.09999999999999998,
  "improvement_min": 0.09999999999999998
}