{
  "student_id": 519,
  "dataset": "bridge2006",
  "concept_text": "Calculate product of two numbers",
  "concept_id": "20",
  "method": "Vanilla-ICL",
  "original_accuracy": 0.4411764705882353,
  "pre_test_accuracy": 0.4,
  "post_test_run1": 0.3,
  "post_test_run2": 0.6,
  "max_post_test_accuracy": 0.6,
  "avg_post_test_accuracy": 0.44999999999999996,
  "min_post_test_accuracy": 0.3,
  "learning_gain_max": 0.33333333333333326,
  "learning_gain_avg": 0.08333333333333323,
  "learning_gain_min": -0.16666666666666674,
  "improvement_max": 0.19999999999999996,
  "improvement_avg": 0.04999999999999993,
  "improvement_min": -0.10000000000000003
}