{
  "student_id": 491,
  "dataset": "assist2017",
  "concept_text": "percents",
  "concept_id": "68",
  "method": "PSS-MV",
  "original_accuracy": 0.2727272727272727,
  "pre_test_accuracy": 0.3,
  "post_test_run1": 0.9,
  "post_test_run2": 0.9,
  "max_post_test_accuracy": 0.9,
  "avg_post_test_accuracy": 0.9,
  "min_post_test_accuracy": 0.9,
  "learning_gain_max": 0.8571428571428573,
  "learning_gain_avg": 0.8571428571428573,
  "learning_gain_min": 0.8571428571428573,
  "improvement_max": 0.6000000000000001,
  "improvement_avg": 0.6000000000000001,
  "improvement_min": 0.6000000000000001
}