{
  "student_id": 170,
  "dataset": "assist2017",
  "concept_text": "fraction-multiplication",
  "concept_id": "29",
  "method": "PSS-MV",
  "original_accuracy": 0.3333333333333333,
  "pre_test_accuracy": 0.3,
  "post_test_run1": 0.4,
  "post_test_run2": 0.5,
  "max_post_test_accuracy": 0.5,
  "avg_post_test_accuracy": 0.45,
  "min_post_test_accuracy": 0.4,
  "learning_gain_max": 0.28571428571428575,
  "learning_gain_avg": 0.21428571428571433,
  "learning_gain_min": 0.1428571428571429,
  "improvement_max": 0.2,
  "improvement_avg": 0.15000000000000002,
  "improvement_min": 0.10000000000000003
}