{
  "student_id": 2010,
  "dataset": "nips_task34",
  "concept_text": "Time",
  "concept_id": "26",
  "method": "PSS-MV",
  "original_accuracy": 0.3333333333333333,
  "pre_test_accuracy": 0.4,
  "post_test_run1": 0.6,
  "post_test_run2": 0.6,
  "max_post_test_accuracy": 0.6,
  "avg_post_test_accuracy": 0.6,
  "min_post_test_accuracy": 0.6,
  "learning_gain_max": 0.33333333333333326,
  "learning_gain_avg": 0.33333333333333326,
  "learning_gain_min": 0.33333333333333326,
  "improvement_max": 0.19999999999999996,
  "improvement_avg": 0.19999999999999996,
  "improvement_min": 0.19999999999999996
}