{
  "dataset": "algebra2005",
  "method": "MathChat-conservative",
  "num_students": 9,
  "strategy_max": {
    "name": "\u6700\u9ad8\u5206\u7b56\u7565 (2\u6b21\u53d6\u6700\u9ad8)",
    "avg_learning_gain": 0.4804232804232804,
    "std_learning_gain": 0.35100636372028077,
    "median_learning_gain": 0.4999999999999999,
    "min_gain": -0.14285714285714282,
    "max_gain": 0.8571428571428573,
    "num_positive_gain": 8,
    "num_negative_gain": 1
  },
  "strategy_avg": {
    "name": "\u5e73\u5747\u5206\u7b56\u7565 (2\u6b21\u53d6\u5e73\u5747)",
    "avg_learning_gain": 0.4171957671957672,
    "std_learning_gain": 0.33066915291167814,
    "median_learning_gain": 0.4166666666666665,
    "min_gain": -0.14285714285714282,
    "max_gain": 0.8333333333333334,
    "num_positive_gain": 8,
    "num_negative_gain": 1
  },
  "strategy_min": {
    "name": "\u6700\u4f4e\u5206\u7b56\u7565 (2\u6b21\u53d6\u6700\u4f4e)",
    "avg_learning_gain": 0.353968253968254,
    "std_learning_gain": 0.3214373896497615,
    "median_learning_gain": 0.33333333333333326,
    "min_gain": -0.14285714285714282,
    "max_gain": 0.8333333333333334,
    "num_positive_gain": 8,
    "num_negative_gain": 1
  },
  "note": "\u5305\u542b\u4e09\u79cd\u7b56\u7565\uff1a1) 2\u6b21\u6700\u9ad8\u5206 2) 2\u6b21\u5e73\u5747\u5206 3) 2\u6b21\u6700\u4f4e\u5206\uff0c\u5747\u5305\u542b\u6240\u6709learning gain\uff08\u542b\u8d1f\u6570\uff09",
  "students": [
    {
      "student_id": 48,
      "dataset": "algebra2005",
      "concept_text": "Find X@@@@ Simple",
      "concept_id": "37",
      "method": "MathChat",
      "original_accuracy": 0.44,
      "pre_test_accuracy": 0.4,
      "post_test_run1": 0.9,
      "post_test_run2": 0.9,
      "max_post_test_accuracy": 0.9,
      "avg_post_test_accuracy": 0.9,
      "min_post_test_accuracy": 0.9,
      "learning_gain_max": 0.8333333333333334,
      "learning_gain_avg": 0.8333333333333334,
      "learning_gain_min": 0.8333333333333334,
      "improvement_max": 0.5,
      "improvement_avg": 0.5,
      "improvement_min": 0.5
    },
    {
      "student_id": 300,
      "dataset": "algebra2005",
      "concept_text": "Using large numbers",
      "concept_id": "28",
      "method": "MathChat",
      "original_accuracy": 0.4117647058823529,
      "pre_test_accuracy": 0.5,
      "post_test_run1": 0.9,
      "post_test_run2": 0.7,
      "max_post_test_accuracy": 0.9,
      "avg_post_test_accuracy": 0.8,
      "min_post_test_accuracy": 0.7,
      "learning_gain_max": 0.8,
      "learning_gain_avg": 0.6000000000000001,
      "learning_gain_min": 0.3999999999999999,
      "improvement_max": 0.4,
      "improvement_avg": 0.30000000000000004,
      "improvement_min": 0.19999999999999996
    },
    {
      "student_id": 370,
      "dataset": "algebra2005",
      "concept_text": "Identifying units",
      "concept_id": "25",
      "method": "MathChat",
      "original_accuracy": 0.3333333333333333,
      "pre_test_accuracy": 0.4,
      "post_test_run1": 0.6,
      "post_test_run2": 0.6,
      "max_post_test_accuracy": 0.6,
      "avg_post_test_accuracy": 0.6,
      "min_post_test_accuracy": 0.6,
      "learning_gain_max": 0.33333333333333326,
      "learning_gain_avg": 0.33333333333333326,
      "learning_gain_min": 0.33333333333333326,
      "improvement_max": 0.19999999999999996,
      "improvement_avg": 0.19999999999999996,
      "improvement_min": 0.19999999999999996
    },
    {
      "student_id": 565,
      "dataset": "algebra2005",
      "concept_text": "Using small numbers",
      "concept_id": "31",
      "method": "MathChat",
      "original_accuracy": 0.3333333333333333,
      "pre_test_accuracy": 0.3,
      "post_test_run1": 0.5,
      "post_test_run2": 0.4,
      "max_post_test_accuracy": 0.5,
      "avg_post_test_accuracy": 0.45,
      "min_post_test_accuracy": 0.4,
      "learning_gain_max": 0.28571428571428575,
      "learning_gain_avg": 0.21428571428571433,
      "learning_gain_min": 0.1428571428571429,
      "improvement_max": 0.2,
      "improvement_avg": 0.15000000000000002,
      "improvement_min": 0.10000000000000003
    },
    {
      "student_id": 52,
      "dataset": "algebra2005",
      "concept_text": "Find Y@@@@ positive slope",
      "concept_id": "38",
      "method": "MathChat",
      "original_accuracy": 0.28888888888888886,
      "pre_test_accuracy": 0.3,
      "post_test_run1": 0.4,
      "post_test_run2": 0.3,
      "max_post_test_accuracy": 0.4,
      "avg_post_test_accuracy": 0.35,
      "min_post_test_accuracy": 0.3,
      "learning_gain_max": 0.1428571428571429,
      "learning_gain_avg": 0.07142857142857141,
      "learning_gain_min": 0.0,
      "improvement_max": 0.10000000000000003,
      "improvement_avg": 0.04999999999999999,
      "improvement_min": 0.0
    },
    {
      "student_id": 120,
      "dataset": "algebra2005",
      "concept_text": "Write expression@@@@ negative slope",
      "concept_id": "44",
      "method": "MathChat",
      "original_accuracy": 0.36363636363636365,
      "pre_test_accuracy": 0.3,
      "post_test_run1": 0.8,
      "post_test_run2": 0.9,
      "max_post_test_accuracy": 0.9,
      "avg_post_test_accuracy": 0.8500000000000001,
      "min_post_test_accuracy": 0.8,
      "learning_gain_max": 0.8571428571428573,
      "learning_gain_avg": 0.7857142857142858,
      "learning_gain_min": 0.7142857142857143,
      "improvement_max": 0.6000000000000001,
      "improvement_avg": 0.55,
      "improvement_min": 0.5
    },
    {
      "student_id": 109,
      "dataset": "algebra2005",
      "concept_text": "Write expression@@@@ negative slope",
      "concept_id": "44",
      "method": "MathChat",
      "original_accuracy": 0.391304347826087,
      "pre_test_accuracy": 0.3,
      "post_test_run1": 0.7,
      "post_test_run2": 0.8,
      "max_post_test_accuracy": 0.8,
      "avg_post_test_accuracy": 0.75,
      "min_post_test_accuracy": 0.7,
      "learning_gain_max": 0.7142857142857143,
      "learning_gain_avg": 0.6428571428571429,
      "learning_gain_min": 0.5714285714285714,
      "improvement_max": 0.5,
      "improvement_avg": 0.45,
      "improvement_min": 0.39999999999999997
    },
    {
      "student_id": 504,
      "dataset": "algebra2005",
      "concept_text": "Setting the slope",
      "concept_id": "88",
      "method": "MathChat",
      "original_accuracy": 0.21052631578947367,
      "pre_test_accuracy": 0.3,
      "post_test_run1": 0.2,
      "post_test_run2": 0.2,
      "max_post_test_accuracy": 0.2,
      "avg_post_test_accuracy": 0.2,
      "min_post_test_accuracy": 0.2,
      "learning_gain_max": -0.14285714285714282,
      "learning_gain_avg": -0.14285714285714282,
      "learning_gain_min": -0.14285714285714282,
      "improvement_max": -0.09999999999999998,
      "improvement_avg": -0.09999999999999998,
      "improvement_min": -0.09999999999999998
    },
    {
      "student_id": 457,
      "dataset": "algebra2005",
      "concept_text": "Using difficult numbers",
      "concept_id": "33",
      "method": "MathChat",
      "original_accuracy": 0.4,
      "pre_test_accuracy": 0.4,
      "post_test_run1": 0.6,
      "post_test_run2": 0.7,
      "max_post_test_accuracy": 0.7,
      "avg_post_test_accuracy": 0.6499999999999999,
      "min_post_test_accuracy": 0.6,
      "learning_gain_max": 0.4999999999999999,
      "learning_gain_avg": 0.4166666666666665,
      "learning_gain_min": 0.33333333333333326,
      "improvement_max": 0.29999999999999993,
      "improvement_avg": 0.2499999999999999,
      "improvement_min": 0.19999999999999996
    }
  ]
}