{
  "student_id": 834,
  "dataset": "bridge2006",
  "concept_text": "Identify larger quantity -- addition",
  "concept_id": "7",
  "method": "Vanilla-ICL",
  "original_accuracy": 0.5454545454545454,
  "pre_test_accuracy": 0.5,
  "post_test_run1": 0.7,
  "post_test_run2": 0.4,
  "max_post_test_accuracy": 0.7,
  "avg_post_test_accuracy": 0.55,
  "min_post_test_accuracy": 0.4,
  "learning_gain_max": 0.3999999999999999,
  "learning_gain_avg": 0.10000000000000009,
  "learning_gain_min": -0.19999999999999996,
  "improvement_max": 0.19999999999999996,
  "improvement_avg": 0.050000000000000044,
  "improvement_min": -0.09999999999999998
}