{
  "student_id": 395,
  "dataset": "nips_task34",
  "concept_text": "Line Symmetry",
  "concept_id": "31",
  "method": "Vanilla-ICL",
  "original_accuracy": 0.6153846153846154,
  "pre_test_accuracy": 0.6,
  "post_test_run1": 0.7,
  "post_test_run2": 0.7,
  "max_post_test_accuracy": 0.7,
  "avg_post_test_accuracy": 0.7,
  "min_post_test_accuracy": 0.7,
  "learning_gain_max": 0.24999999999999994,
  "learning_gain_avg": 0.24999999999999994,
  "learning_gain_min": 0.24999999999999994,
  "improvement_max": 0.09999999999999998,
  "improvement_avg": 0.09999999999999998,
  "improvement_min": 0.09999999999999998
}