{
  "student_id": 2046,
  "dataset": "nips_task34",
  "concept_text": "BIDMAS",
  "concept_id": "4",
  "method": "Vanilla-ICL",
  "original_accuracy": 0.3333333333333333,
  "pre_test_accuracy": 0.4,
  "post_test_run1": 0.3,
  "post_test_run2": 0.2,
  "max_post_test_accuracy": 0.3,
  "avg_post_test_accuracy": 0.25,
  "min_post_test_accuracy": 0.2,
  "learning_gain_max": -0.16666666666666674,
  "learning_gain_avg": -0.25000000000000006,
  "learning_gain_min": -0.33333333333333337,
  "improvement_max": -0.10000000000000003,
  "improvement_avg": -0.15000000000000002,
  "improvement_min": -0.2
}