{
  "student_id": 3073,
  "dataset": "nips_task34",
  "concept_text": "Multiples and Lowest Common Multiple",
  "concept_id": "1",
  "method": "Vanilla-ICL",
  "original_accuracy": 0.5555555555555556,
  "pre_test_accuracy": 0.6,
  "post_test_run1": 0.8,
  "post_test_run2": 0.5,
  "max_post_test_accuracy": 0.8,
  "avg_post_test_accuracy": 0.65,
  "min_post_test_accuracy": 0.5,
  "learning_gain_max": 0.5000000000000001,
  "learning_gain_avg": 0.1250000000000001,
  "learning_gain_min": -0.24999999999999994,
  "improvement_max": 0.20000000000000007,
  "improvement_avg": 0.050000000000000044,
  "improvement_min": -0.09999999999999998
}