{
  "student_id": 1420,
  "dataset": "nips_task34",
  "concept_text": "Prime Numbers and Prime Factors",
  "concept_id": "3",
  "method": "Vanilla-ICL",
  "original_accuracy": 0.14285714285714285,
  "pre_test_accuracy": 0.2,
  "post_test_run1": 0.6,
  "post_test_run2": 0.3,
  "max_post_test_accuracy": 0.6,
  "avg_post_test_accuracy": 0.44999999999999996,
  "min_post_test_accuracy": 0.3,
  "learning_gain_max": 0.49999999999999994,
  "learning_gain_avg": 0.3124999999999999,
  "learning_gain_min": 0.12499999999999997,
  "improvement_max": 0.39999999999999997,
  "improvement_avg": 0.24999999999999994,
  "improvement_min": 0.09999999999999998
}