{
  "student_id": 109,
  "dataset": "algebra2005",
  "concept_text": "Write expression@@@@ negative slope",
  "concept_id": "44",
  "method": "MathChat",
  "original_accuracy": 0.391304347826087,
  "pre_test_accuracy": 0.3,
  "post_test_run1": 0.9,
  "post_test_run2": 0.4,
  "max_post_test_accuracy": 0.9,
  "avg_post_test_accuracy": 0.65,
  "min_post_test_accuracy": 0.4,
  "learning_gain_max": 0.8571428571428573,
  "learning_gain_avg": 0.5000000000000001,
  "learning_gain_min": 0.1428571428571429,
  "improvement_max": 0.6000000000000001,
  "improvement_avg": 0.35000000000000003,
  "improvement_min": 0.10000000000000003
}