{
  "student_id": 565,
  "dataset": "algebra2005",
  "concept_text": "Using small numbers",
  "concept_id": "31",
  "method": "MathChat",
  "original_accuracy": 0.3333333333333333,
  "pre_test_accuracy": 0.3,
  "post_test_run1": 0.5,
  "post_test_run2": 0.2,
  "max_post_test_accuracy": 0.5,
  "avg_post_test_accuracy": 0.35,
  "min_post_test_accuracy": 0.2,
  "learning_gain_max": 0.28571428571428575,
  "learning_gain_avg": 0.07142857142857141,
  "learning_gain_min": -0.14285714285714282,
  "improvement_max": 0.2,
  "improvement_avg": 0.04999999999999999,
  "improvement_min": -0.09999999999999998
}