{
  "dataset": "assist2017",
  "method": "TutorLLM-conservative",
  "num_students": 2,
  "strategy_max": {
    "name": "\u6700\u9ad8\u5206\u7b56\u7565 (2\u6b21\u53d6\u6700\u9ad8)",
    "avg_learning_gain": 0.5,
    "std_learning_gain": 0.47140452079103173,
    "median_learning_gain": 0.5,
    "min_gain": 0.16666666666666663,
    "max_gain": 0.8333333333333334,
    "num_positive_gain": 2,
    "num_negative_gain": 0
  },
  "strategy_avg": {
    "name": "\u5e73\u5747\u5206\u7b56\u7565 (2\u6b21\u53d6\u5e73\u5747)",
    "avg_learning_gain": 0.45833333333333337,
    "std_learning_gain": 0.5303300858899107,
    "median_learning_gain": 0.45833333333333337,
    "min_gain": 0.08333333333333331,
    "max_gain": 0.8333333333333334,
    "num_positive_gain": 2,
    "num_negative_gain": 0
  },
  "strategy_min": {
    "name": "\u6700\u4f4e\u5206\u7b56\u7565 (2\u6b21\u53d6\u6700\u4f4e)",
    "avg_learning_gain": 0.4166666666666667,
    "std_learning_gain": 0.5892556509887896,
    "median_learning_gain": 0.4166666666666667,
    "min_gain": 0.0,
    "max_gain": 0.8333333333333334,
    "num_positive_gain": 2,
    "num_negative_gain": 0
  },
  "note": "\u5305\u542b\u4e09\u79cd\u7b56\u7565\uff1a1) 2\u6b21\u6700\u9ad8\u5206 2) 2\u6b21\u5e73\u5747\u5206 3) 2\u6b21\u6700\u4f4e\u5206\uff0c\u5747\u5305\u542b\u6240\u6709learning gain\uff08\u542b\u8d1f\u6570\uff09",
  "students": [
    {
      "student_id": 119,
      "dataset": "assist2017",
      "concept_text": "equivalent-fractions-decimals-percents",
      "concept_id": "27",
      "method": "TutorLLM",
      "original_accuracy": 0.4166666666666667,
      "pre_test_accuracy": 0.4,
      "post_test_run1": 0.9,
      "post_test_run2": 0.9,
      "max_post_test_accuracy": 0.9,
      "avg_post_test_accuracy": 0.9,
      "min_post_test_accuracy": 0.9,
      "learning_gain_max": 0.8333333333333334,
      "learning_gain_avg": 0.8333333333333334,
      "learning_gain_min": 0.8333333333333334,
      "improvement_max": 0.5,
      "improvement_avg": 0.5,
      "improvement_min": 0.5
    },
    {
      "student_id": 183,
      "dataset": "assist2017",
      "concept_text": "fraction-multiplication",
      "concept_id": "29",
      "method": "TutorLLM",
      "original_accuracy": 0.375,
      "pre_test_accuracy": 0.4,
      "post_test_run1": 0.5,
      "post_test_run2": 0.4,
      "max_post_test_accuracy": 0.5,
      "avg_post_test_accuracy": 0.45,
      "min_post_test_accuracy": 0.4,
      "learning_gain_max": 0.16666666666666663,
      "learning_gain_avg": 0.08333333333333331,
      "learning_gain_min": 0.0,
      "improvement_max": 0.09999999999999998,
      "improvement_avg": 0.04999999999999999,
      "improvement_min": 0.0
    }
  ]
}