{
  "dataset": "assist2017",
  "method": "Vanilla-ICL-conservative",
  "num_students": 10,
  "strategy_max": {
    "name": "\u6700\u9ad8\u5206\u7b56\u7565 (2\u6b21\u53d6\u6700\u9ad8)",
    "avg_learning_gain": 0.58,
    "std_learning_gain": 0.2382094963941102,
    "median_learning_gain": 0.6428571428571428,
    "min_gain": 0.1428571428571429,
    "max_gain": 0.8333333333333334,
    "num_positive_gain": 10,
    "num_negative_gain": 0
  },
  "strategy_avg": {
    "name": "\u5e73\u5747\u5206\u7b56\u7565 (2\u6b21\u53d6\u5e73\u5747)",
    "avg_learning_gain": 0.475952380952381,
    "std_learning_gain": 0.19254972559159056,
    "median_learning_gain": 0.5357142857142856,
    "min_gain": 0.1428571428571429,
    "max_gain": 0.7000000000000002,
    "num_positive_gain": 10,
    "num_negative_gain": 0
  },
  "strategy_min": {
    "name": "\u6700\u4f4e\u5206\u7b56\u7565 (2\u6b21\u53d6\u6700\u4f4e)",
    "avg_learning_gain": 0.3719047619047619,
    "std_learning_gain": 0.19540514211279583,
    "median_learning_gain": 0.4285714285714286,
    "min_gain": 0.1428571428571429,
    "max_gain": 0.6000000000000001,
    "num_positive_gain": 10,
    "num_negative_gain": 0
  },
  "note": "\u5305\u542b\u4e09\u79cd\u7b56\u7565\uff1a1) 2\u6b21\u6700\u9ad8\u5206 2) 2\u6b21\u5e73\u5747\u5206 3) 2\u6b21\u6700\u4f4e\u5206\uff0c\u5747\u5305\u542b\u6240\u6709learning gain\uff08\u542b\u8d1f\u6570\uff09",
  "students": [
    {
      "student_id": 119,
      "dataset": "assist2017",
      "concept_text": "equivalent-fractions-decimals-percents",
      "concept_id": "27",
      "method": "Vanilla-ICL",
      "original_accuracy": 0.4166666666666667,
      "pre_test_accuracy": 0.4,
      "post_test_run1": 0.9,
      "post_test_run2": 0.5,
      "max_post_test_accuracy": 0.9,
      "avg_post_test_accuracy": 0.7,
      "min_post_test_accuracy": 0.5,
      "learning_gain_max": 0.8333333333333334,
      "learning_gain_avg": 0.4999999999999999,
      "learning_gain_min": 0.16666666666666663,
      "improvement_max": 0.5,
      "improvement_avg": 0.29999999999999993,
      "improvement_min": 0.09999999999999998
    },
    {
      "student_id": 307,
      "dataset": "assist2017",
      "concept_text": "perimeter",
      "concept_id": "6",
      "method": "Vanilla-ICL",
      "original_accuracy": 0.4,
      "pre_test_accuracy": 0.5,
      "post_test_run1": 0.8,
      "post_test_run2": 0.9,
      "max_post_test_accuracy": 0.9,
      "avg_post_test_accuracy": 0.8500000000000001,
      "min_post_test_accuracy": 0.8,
      "learning_gain_max": 0.8,
      "learning_gain_avg": 0.7000000000000002,
      "learning_gain_min": 0.6000000000000001,
      "improvement_max": 0.4,
      "improvement_avg": 0.3500000000000001,
      "improvement_min": 0.30000000000000004
    },
    {
      "student_id": 774,
      "dataset": "assist2017",
      "concept_text": "percents",
      "concept_id": "68",
      "method": "Vanilla-ICL",
      "original_accuracy": 0.3,
      "pre_test_accuracy": 0.3,
      "post_test_run1": 0.6,
      "post_test_run2": 0.4,
      "max_post_test_accuracy": 0.6,
      "avg_post_test_accuracy": 0.5,
      "min_post_test_accuracy": 0.4,
      "learning_gain_max": 0.4285714285714286,
      "learning_gain_avg": 0.28571428571428575,
      "learning_gain_min": 0.1428571428571429,
      "improvement_max": 0.3,
      "improvement_avg": 0.2,
      "improvement_min": 0.10000000000000003
    },
    {
      "student_id": 304,
      "dataset": "assist2017",
      "concept_text": "perimeter",
      "concept_id": "6",
      "method": "Vanilla-ICL",
      "original_accuracy": 0.3333333333333333,
      "pre_test_accuracy": 0.3,
      "post_test_run1": 0.7,
      "post_test_run2": 0.8,
      "max_post_test_accuracy": 0.8,
      "avg_post_test_accuracy": 0.75,
      "min_post_test_accuracy": 0.7,
      "learning_gain_max": 0.7142857142857143,
      "learning_gain_avg": 0.6428571428571429,
      "learning_gain_min": 0.5714285714285714,
      "improvement_max": 0.5,
      "improvement_avg": 0.45,
      "improvement_min": 0.39999999999999997
    },
    {
      "student_id": 491,
      "dataset": "assist2017",
      "concept_text": "percents",
      "concept_id": "68",
      "method": "Vanilla-ICL",
      "original_accuracy": 0.2727272727272727,
      "pre_test_accuracy": 0.3,
      "post_test_run1": 0.4,
      "post_test_run2": 0.4,
      "max_post_test_accuracy": 0.4,
      "avg_post_test_accuracy": 0.4,
      "min_post_test_accuracy": 0.4,
      "learning_gain_max": 0.1428571428571429,
      "learning_gain_avg": 0.1428571428571429,
      "learning_gain_min": 0.1428571428571429,
      "improvement_max": 0.10000000000000003,
      "improvement_avg": 0.10000000000000003,
      "improvement_min": 0.10000000000000003
    },
    {
      "student_id": 183,
      "dataset": "assist2017",
      "concept_text": "fraction-multiplication",
      "concept_id": "29",
      "method": "Vanilla-ICL",
      "original_accuracy": 0.375,
      "pre_test_accuracy": 0.4,
      "post_test_run1": 0.6,
      "post_test_run2": 0.5,
      "max_post_test_accuracy": 0.6,
      "avg_post_test_accuracy": 0.55,
      "min_post_test_accuracy": 0.5,
      "learning_gain_max": 0.33333333333333326,
      "learning_gain_avg": 0.25000000000000006,
      "learning_gain_min": 0.16666666666666663,
      "improvement_max": 0.19999999999999996,
      "improvement_avg": 0.15000000000000002,
      "improvement_min": 0.09999999999999998
    },
    {
      "student_id": 570,
      "dataset": "assist2017",
      "concept_text": "sum-of-interior-angles-triangle",
      "concept_id": "36",
      "method": "Vanilla-ICL",
      "original_accuracy": 0.2,
      "pre_test_accuracy": 0.3,
      "post_test_run1": 0.6,
      "post_test_run2": 0.8,
      "max_post_test_accuracy": 0.8,
      "avg_post_test_accuracy": 0.7,
      "min_post_test_accuracy": 0.6,
      "learning_gain_max": 0.7142857142857143,
      "learning_gain_avg": 0.5714285714285714,
      "learning_gain_min": 0.4285714285714286,
      "improvement_max": 0.5,
      "improvement_avg": 0.39999999999999997,
      "improvement_min": 0.3
    },
    {
      "student_id": 170,
      "dataset": "assist2017",
      "concept_text": "fraction-multiplication",
      "concept_id": "29",
      "method": "Vanilla-ICL",
      "original_accuracy": 0.3333333333333333,
      "pre_test_accuracy": 0.3,
      "post_test_run1": 0.6,
      "post_test_run2": 0.6,
      "max_post_test_accuracy": 0.6,
      "avg_post_test_accuracy": 0.6,
      "min_post_test_accuracy": 0.6,
      "learning_gain_max": 0.4285714285714286,
      "learning_gain_avg": 0.4285714285714286,
      "learning_gain_min": 0.4285714285714286,
      "improvement_max": 0.3,
      "improvement_avg": 0.3,
      "improvement_min": 0.3
    },
    {
      "student_id": 1093,
      "dataset": "assist2017",
      "concept_text": "discount",
      "concept_id": "35",
      "method": "Vanilla-ICL",
      "original_accuracy": 0.2,
      "pre_test_accuracy": 0.3,
      "post_test_run1": 0.7,
      "post_test_run2": 0.7,
      "max_post_test_accuracy": 0.7,
      "avg_post_test_accuracy": 0.7,
      "min_post_test_accuracy": 0.7,
      "learning_gain_max": 0.5714285714285714,
      "learning_gain_avg": 0.5714285714285714,
      "learning_gain_min": 0.5714285714285714,
      "improvement_max": 0.39999999999999997,
      "improvement_avg": 0.39999999999999997,
      "improvement_min": 0.39999999999999997
    },
    {
      "student_id": 1098,
      "dataset": "assist2017",
      "concept_text": "combinatorics",
      "concept_id": "59",
      "method": "Vanilla-ICL",
      "original_accuracy": 0.375,
      "pre_test_accuracy": 0.4,
      "post_test_run1": 0.9,
      "post_test_run2": 0.7,
      "max_post_test_accuracy": 0.9,
      "avg_post_test_accuracy": 0.8,
      "min_post_test_accuracy": 0.7,
      "learning_gain_max": 0.8333333333333334,
      "learning_gain_avg": 0.6666666666666667,
      "learning_gain_min": 0.4999999999999999,
      "improvement_max": 0.5,