{
  "student_id": 519,
  "dataset": "bridge2006",
  "concept_text": "Calculate product of two numbers",
  "concept_id": "20",
  "original_accuracy": 0.4411764705882353,
  "pre_test_accuracy": 0.4,
  "accuracy_deviation": 0.04117647058823526,
  "num_runs": 2,
  "run1": {
    "run_id": 1,
    "post_test_accuracy": 0.6,
    "learning_gain": 0.33333333333333326,
    "improvement": 0.19999999999999996
  },
  "run2": {
    "run_id": 2,
    "post_test_accuracy": 0.7,
    "learning_gain": 0.4999999999999999,
    "improvement": 0.29999999999999993
  },
  "best_run": 2,
  "best_post_test_accuracy": 0.7,
  "best_learning_gain": 0.4999999999999999,
  "best_improvement": 0.29999999999999993
}