{
  "student_id": 504,
  "dataset": "algebra2005",
  "concept_text": "Setting the slope",
  "concept_id": "88",
  "method": "TutorLLM",
  "original_accuracy": 0.21052631578947367,
  "pre_test_accuracy": 0.3,
  "post_test_run1": 0.8,
  "post_test_run2": 0.4,
  "max_post_test_accuracy": 0.8,
  "avg_post_test_accuracy": 0.6000000000000001,
  "min_post_test_accuracy": 0.4,
  "learning_gain_max": 0.7142857142857143,
  "learning_gain_avg": 0.4285714285714287,
  "learning_gain_min": 0.1428571428571429,
  "improvement_max": 0.5,
  "improvement_avg": 0.3000000000000001,
  "improvement_min": 0.10000000000000003
}