{
  "student_id": 2641,
  "dataset": "nips_task34",
  "concept_text": "BIDMAS",
  "concept_id": "4",
  "original_accuracy": 0.3333333333333333,
  "pre_test_accuracy": 0.3,
  "accuracy_deviation": 0.033333333333333326,
  "num_runs": 2,
  "run1": {
    "run_id": 1,
    "post_test_accuracy": 0.6,
    "learning_gain": 0.4285714285714286,
    "improvement": 0.3
  },
  "run2": {
    "run_id": 2,
    "post_test_accuracy": 0.7,
    "learning_gain": 0.5714285714285714,
    "improvement": 0.39999999999999997
  },
  "best_run": 2,
  "best_post_test_accuracy": 0.7,
  "best_learning_gain": 0.5714285714285714,
  "best_improvement": 0.39999999999999997
}