{
  "student_id": 2010,
  "dataset": "nips_task34",
  "concept_text": "Time",
  "concept_id": "26",
  "original_accuracy": 0.3333333333333333,
  "pre_test_accuracy": 0.4,
  "accuracy_deviation": 0.06666666666666671,
  "num_runs": 2,
  "run1": {
    "run_id": 1,
    "post_test_accuracy": 0.5,
    "learning_gain": 0.16666666666666663,
    "improvement": 0.09999999999999998
  },
  "run2": {
    "run_id": 2,
    "post_test_accuracy": 0.5,
    "learning_gain": 0.16666666666666663,
    "improvement": 0.09999999999999998
  },
  "best_run": 1,
  "best_post_test_accuracy": 0.5,
  "best_learning_gain": 0.16666666666666663,
  "best_improvement": 0.09999999999999998
}