{
  "student_id": 109,
  "dataset": "algebra2005",
  "concept_text": "Write expression@@@@ negative slope",
  "concept_id": "44",
  "original_accuracy": 0.391304347826087,
  "pre_test_accuracy": 0.3,
  "accuracy_deviation": 0.09130434782608698,
  "num_runs": 2,
  "run1": {
    "run_id": 1,
    "post_test_accuracy": 0.9,
    "learning_gain": 0.8571428571428573,
    "improvement": 0.6000000000000001
  },
  "run2": {
    "run_id": 2,
    "post_test_accuracy": 0.5,
    "learning_gain": 0.28571428571428575,
    "improvement": 0.2
  },
  "best_run": 1,
  "best_post_test_accuracy": 0.9,
  "best_learning_gain": 0.8571428571428573,
  "best_improvement": 0.6000000000000001
}