{
  "student_id": 120,
  "dataset": "algebra2005",
  "concept_text": "Write expression@@@@ negative slope",
  "concept_id": "44",
  "original_accuracy": 0.36363636363636365,
  "pre_test_accuracy": 0.3,
  "accuracy_deviation": 0.06363636363636366,
  "num_runs": 2,
  "run1": {
    "run_id": 1,
    "post_test_accuracy": 0.9,
    "learning_gain": 0.8571428571428573,
    "improvement": 0.6000000000000001
  },
  "run2": {
    "run_id": 2,
    "post_test_accuracy": 0.9,
    "learning_gain": 0.8571428571428573,
    "improvement": 0.6000000000000001
  },
  "best_run": 1,
  "best_post_test_accuracy": 0.9,
  "best_learning_gain": 0.8571428571428573,
  "best_improvement": 0.6000000000000001
}