{
  "student_id": 143,
  "dataset": "algebra2005",
  "concept_text": "Find Y@@@@ positive slope",
  "concept_id": "38",
  "original_accuracy": 0.2857142857142857,
  "pre_test_accuracy": 0.3,
  "accuracy_deviation": 0.01428571428571429,
  "num_runs": 2,
  "run1": {
    "run_id": 1,
    "post_test_accuracy": 0.9,
    "learning_gain": 0.8571428571428573,
    "improvement": 0.6000000000000001
  },
  "run2": {
    "run_id": 2,
    "post_test_accuracy": 0.4,
    "learning_gain": 0.1428571428571429,
    "improvement": 0.10000000000000003
  },
  "best_run": 1,
  "best_post_test_accuracy": 0.9,
  "best_learning_gain": 0.8571428571428573,
  "best_improvement": 0.6000000000000001
}