{
  "student_id": 300,
  "dataset": "algebra2005",
  "concept_text": "Using large numbers",
  "concept_id": "28",
  "original_accuracy": 0.4117647058823529,
  "pre_test_accuracy": 0.5,
  "accuracy_deviation": 0.08823529411764708,
  "num_runs": 2,
  "run1": {
    "run_id": 1,
    "post_test_accuracy": 0.6,
    "learning_gain": 0.19999999999999996,
    "improvement": 0.09999999999999998
  },
  "run2": {
    "run_id": 2,
    "post_test_accuracy": 0.7,
    "learning_gain": 0.3999999999999999,
    "improvement": 0.19999999999999996
  },
  "best_run": 2,
  "best_post_test_accuracy": 0.7,
  "best_learning_gain": 0.3999999999999999,
  "best_improvement": 0.19999999999999996
}