{
  "student_id": 504,
  "dataset": "algebra2005",
  "concept_text": "Setting the slope",
  "concept_id": "88",
  "original_accuracy": 0.21052631578947367,
  "pre_test_accuracy": 0.3,
  "accuracy_deviation": 0.08947368421052632,
  "num_runs": 2,
  "run1": {
    "run_id": 1,
    "post_test_accuracy": 0.4,
    "learning_gain": 0.1428571428571429,
    "improvement": 0.10000000000000003
  },
  "run2": {
    "run_id": 2,
    "post_test_accuracy": 0.4,
    "learning_gain": 0.1428571428571429,
    "improvement": 0.10000000000000003
  },
  "best_run": 1,
  "best_post_test_accuracy": 0.4,
  "best_learning_gain": 0.1428571428571429,
  "best_improvement": 0.10000000000000003
}