{
  "student_id": 151,
  "dataset": "algebra2005",
  "concept_text": "Find X@@@@ Simple",
  "concept_id": "37",
  "original_accuracy": 0.4482758620689655,
  "pre_test_accuracy": 0.5,
  "accuracy_deviation": 0.051724137931034475,
  "num_runs": 2,
  "run1": {
    "run_id": 1,
    "post_test_accuracy": 0.8,
    "learning_gain": 0.6000000000000001,
    "improvement": 0.30000000000000004
  },
  "run2": {
    "run_id": 2,
    "post_test_accuracy": 0.7,
    "learning_gain": 0.3999999999999999,
    "improvement": 0.19999999999999996
  },
  "best_run": 1,
  "best_post_test_accuracy": 0.8,
  "best_learning_gain": 0.6000000000000001,
  "best_improvement": 0.30000000000000004
}