{
  "student_id": 48,
  "dataset": "algebra2005",
  "concept_text": "Find X@@@@ Simple",
  "concept_id": "37",
  "original_accuracy": 0.44,
  "pre_test_accuracy": 0.4,
  "accuracy_deviation": 0.03999999999999998,
  "num_runs": 2,
  "run1": {
    "run_id": 1,
    "post_test_accuracy": 0.7,
    "learning_gain": 0.4999999999999999,
    "improvement": 0.29999999999999993
  },
  "run2": {
    "run_id": 2,
    "post_test_accuracy": 0.7,
    "learning_gain": 0.4999999999999999,
    "improvement": 0.29999999999999993
  },
  "best_run": 1,
  "best_post_test_accuracy": 0.7,
  "best_learning_gain": 0.4999999999999999,
  "best_improvement": 0.29999999999999993
}