{
  "student_id": 538,
  "dataset": "algebra2005",
  "concept_text": "Write expression@@@@ positive slope",
  "concept_id": "27",
  "original_accuracy": 0.20689655172413793,
  "pre_test_accuracy": 0.3,
  "accuracy_deviation": 0.09310344827586206,
  "num_runs": 2,
  "run1": {
    "run_id": 1,
    "post_test_accuracy": 0.8,
    "learning_gain": 0.7142857142857143,
    "improvement": 0.5
  },
  "run2": {
    "run_id": 2,
    "post_test_accuracy": 0.9,
    "learning_gain": 0.8571428571428573,
    "improvement": 0.6000000000000001
  },
  "best_run": 2,
  "best_post_test_accuracy": 0.9,
  "best_learning_gain": 0.8571428571428573,
  "best_improvement": 0.6000000000000001
}