{
  "method": "pre-test",
  "dataset": "assist2017",
  "num_students_evaluated": 1708,
  "average_original_accuracy": 0.35603262614419146,
  "average_roleplay_accuracy": 0.5148126463700229,
  "average_absolute_deviation": 0.20589130347741522,
  "performance_by_level": {
    "struggling": {
      "range": "<40%",
      "num_students": 1060,
      "avg_original_accuracy": 0.19170035224865764,
      "avg_roleplay_accuracy": 0.3094339622641509,
      "avg_deviation": 0.1755765624350123
    },
    "developing": {
      "range": "40-60%",
      "num_students": 299,
      "avg_original_accuracy": 0.4686867594705385,
      "avg_roleplay_accuracy": 0.7394648829431446,
      "avg_deviation": 0.30464552063923545
    },
    "competent": {
      "range": "60-80%",
      "num_students": 230,
      "avg_original_accuracy": 0.6764165423948025,
      "avg_roleplay_accuracy": 0.9421739130434791,
      "avg_deviation": 0.27892507251202897
    },
    "strong": {
      "range": "\u226580%",
      "num_students": 119,
      "avg_original_accuracy": 0.9175479515815648,
      "avg_roleplay_accuracy": 0.9537815126050426,
      "avg_deviation": 0.08663372108750253
    }
  }
}