{
  "student_id": 1004,
  "dataset": "assist2017",
  "concept_text": "median",
  "concept_id": "72",
  "original_accuracy": 0.2,
  "pre_test_accuracy": 0.1,
  "accuracy_deviation": 0.1,
  "num_runs": 3,
  "runs": [
    {
      "run_id": 1,
      "post_test_accuracy": 0.2,
      "learning_gain": 0.11111111111111112,
      "improvement": 0.1
    },
    {
      "run_id": 2,
      "post_test_accuracy": 0.4,
      "learning_gain": 0.33333333333333337,
      "improvement": 0.30000000000000004
    },
    {
      "run_id": 3,
      "post_test_accuracy": 0.6,
      "learning_gain": 0.5555555555555556,
      "improvement": 0.5
    }
  ],
  "avg_post_test_accuracy": 0.4000000000000001,
  "std_post_test_accuracy": 0.19999999999999998,
  "avg_learning_gain": 0.3333333333333333,
  "std_learning_gain": 0.22222222222222224,
  "avg_improvement": 0.3,
  "std_improvement": 0.2
}