{
  "student_id": 1002,
  "dataset": "assist2017",
  "concept_text": "point-plotting",
  "concept_id": "2",
  "original_accuracy": 0.2,
  "pre_test_accuracy": 0.3,
  "accuracy_deviation": 0.09999999999999998,
  "num_runs": 3,
  "runs": [
    {
      "run_id": 1,
      "post_test_accuracy": 0.2,
      "learning_gain": -0.14285714285714282,
      "improvement": -0.09999999999999998
    },
    {
      "run_id": 2,
      "post_test_accuracy": 0.2,
      "learning_gain": -0.14285714285714282,
      "improvement": -0.09999999999999998
    },
    {
      "run_id": 3,
      "post_test_accuracy": 0.1,
      "learning_gain": -0.2857142857142857,
      "improvement": -0.19999999999999998
    }
  ],
  "avg_post_test_accuracy": 0.16666666666666666,
  "std_post_test_accuracy": 0.05773502691896258,
  "avg_learning_gain": -0.19047619047619047,
  "std_learning_gain": 0.08247860988423227,
  "avg_improvement": -0.1333333333333333,
  "std_improvement": 0.05773502691896258
}