{
  "student_id": 137,
  "dataset": "nips_task34",
  "concept_text": "Construct Triangle",
  "concept_id": "20",
  "method": "TutorLLM",
  "original_accuracy": 0.3333333333333333,
  "pre_test_accuracy": 0.3,
  "post_test_run1": 0.2,
  "post_test_run2": 0.2,
  "max_post_test_accuracy": 0.2,
  "avg_post_test_accuracy": 0.2,
  "min_post_test_accuracy": 0.2,
  "learning_gain_max": -0.14285714285714282,
  "learning_gain_avg": -0.14285714285714282,
  "learning_gain_min": -0.14285714285714282,
  "improvement_max": -0.09999999999999998,
  "improvement_avg": -0.09999999999999998,
  "improvement_min": -0.09999999999999998
}