{
  "student_id": 2010,
  "dataset": "nips_task34",
  "concept_text": "Time",
  "concept_id": "26",
  "method": "TutorLLM",
  "original_accuracy": 0.3333333333333333,
  "pre_test_accuracy": 0.4,
  "post_test_run1": 0.3,
  "post_test_run2": 0.6,
  "max_post_test_accuracy": 0.6,
  "avg_post_test_accuracy": 0.44999999999999996,
  "min_post_test_accuracy": 0.3,
  "learning_gain_max": 0.33333333333333326,
  "learning_gain_avg": 0.08333333333333323,
  "learning_gain_min": -0.16666666666666674,
  "improvement_max": 0.19999999999999996,
  "improvement_avg": 0.04999999999999993,
  "improvement_min": -0.10000000000000003
}