{
  "student_id": 120,
  "dataset": "algebra2005",
  "concept_text": "Write expression@@@@ negative slope",
  "concept_id": "44",
  "method": "Vanilla-ICL",
  "original_accuracy": 0.36363636363636365,
  "pre_test_accuracy": 0.3,
  "post_test_run1": 0.4,
  "post_test_run2": 0.4,
  "max_post_test_accuracy": 0.4,
  "avg_post_test_accuracy": 0.4,
  "min_post_test_accuracy": 0.4,
  "learning_gain_max": 0.1428571428571429,
  "learning_gain_avg": 0.1428571428571429,
  "learning_gain_min": 0.1428571428571429,
  "improvement_max": 0.10000000000000003,
  "improvement_avg": 0.10000000000000003,
  "improvement_min": 0.10000000000000003
}