{
  "student_id": 834,
  "dataset": "bridge2006",
  "concept_text": "Identify larger quantity -- addition",
  "concept_id": "7",
  "method": "PSS-MV",
  "original_accuracy": 0.5454545454545454,
  "pre_test_accuracy": 0.5,
  "post_test_run1": 0.4,
  "post_test_run2": 0.8,
  "max_post_test_accuracy": 0.8,
  "avg_post_test_accuracy": 0.6000000000000001,
  "min_post_test_accuracy": 0.4,
  "learning_gain_max": 0.6000000000000001,
  "learning_gain_avg": 0.20000000000000018,
  "learning_gain_min": -0.19999999999999996,
  "improvement_max": 0.30000000000000004,
  "improvement_avg": 0.10000000000000009,
  "improvement_min": -0.09999999999999998
}