{
  "student_id": 842,
  "dataset": "bridge2006",
  "concept_text": "Identify larger quantity -- addition",
  "concept_id": "7",
  "method": "MathChat",
  "original_accuracy": 0.4166666666666667,
  "pre_test_accuracy": 0.5,
  "post_test_run1": 0.6,
  "post_test_run2": 0.6,
  "max_post_test_accuracy": 0.6,
  "avg_post_test_accuracy": 0.6,
  "min_post_test_accuracy": 0.6,
  "learning_gain_max": 0.19999999999999996,
  "learning_gain_avg": 0.19999999999999996,
  "learning_gain_min": 0.19999999999999996,
  "improvement_max": 0.09999999999999998,
  "improvement_avg": 0.09999999999999998,
  "improvement_min": 0.09999999999999998
}