{
  "student_id": 500,
  "dataset": "bridge2006",
  "concept_text": "Identify fractional part of improper fraction symbolically",
  "concept_id": "101",
  "method": "MathChat",
  "original_accuracy": 0.5555555555555556,
  "pre_test_accuracy": 0.5,
  "post_test_run1": 0.7,
  "post_test_run2": 0.6,
  "max_post_test_accuracy": 0.7,
  "avg_post_test_accuracy": 0.6499999999999999,
  "min_post_test_accuracy": 0.6,
  "learning_gain_max": 0.3999999999999999,
  "learning_gain_avg": 0.2999999999999998,
  "learning_gain_min": 0.19999999999999996,
  "improvement_max": 0.19999999999999996,
  "improvement_avg": 0.1499999999999999,
  "improvement_min": 0.09999999999999998
}