{
  "student_id": 777,
  "dataset": "bridge2006",
  "concept_text": "Identify LCM - one number multiple of other",
  "concept_id": "24",
  "method": "MathChat",
  "original_accuracy": 0.3076923076923077,
  "pre_test_accuracy": 0.3,
  "post_test_run1": 0.4,
  "post_test_run2": 0.1,
  "max_post_test_accuracy": 0.4,
  "avg_post_test_accuracy": 0.25,
  "min_post_test_accuracy": 0.1,
  "learning_gain_max": 0.1428571428571429,
  "learning_gain_avg": -0.07142857142857141,
  "learning_gain_min": -0.2857142857142857,
  "improvement_max": 0.10000000000000003,
  "improvement_avg": -0.04999999999999999,
  "improvement_min": -0.19999999999999998
}