{
  "dataset": "nips_task34",
  "num_students": 9,
  "method": "TASA-best-of-2",
  "overall": {
    "avg_learning_gain": 0.5235449735449735,
    "std_learning_gain": 0.25823784290785157,
    "median_learning_gain": 0.4285714285714286,
    "avg_improvement": 0.3555555555555555,
    "min_gain": 0.19999999999999996,
    "max_gain": 0.8571428571428573
  },
  "by_level": {
    "struggling": {
      "count": 6,
      "avg_gain": 0.5297619047619048,
      "avg_pre_test": 0.26666666666666666
    },
    "developing": {
      "count": 3,
      "avg_gain": 0.5111111111111111,
      "avg_pre_test": 0.43333333333333335
    },
    "competent": {
      "count": 0,
      "avg_gain": 0,
      "avg_pre_test": 0
    },
    "strong": {
      "count": 0,
      "avg_gain": 0,
      "avg_pre_test": 0
    }
  },
  "students": [
    {
      "student_id": 109,
      "dataset": "nips_task34",
      "concept_text": "Factors and Highest Common Factor",
      "concept_id": "2",
      "original_accuracy": 0.3333333333333333,
      "pre_test_accuracy": 0.3,
      "accuracy_deviation": 0.033333333333333326,
      "num_runs": 2,
      "run1": {
        "run_id": 1,
        "post_test_accuracy": 0.4,
        "learning_gain": 0.1428571428571429,
        "improvement": 0.10000000000000003
      },
      "run2": {
        "run_id": 2,
        "post_test_accuracy": 0.9,
        "learning_gain": 0.8571428571428573,
        "improvement": 0.6000000000000001
      },
      "best_run": 2,
      "best_post_test_accuracy": 0.9,
      "best_learning_gain": 0.8571428571428573,
      "best_improvement": 0.6000000000000001
    },
    {
      "student_id": 2010,
      "dataset": "nips_task34",
      "concept_text": "Time",
      "concept_id": "26",
      "original_accuracy": 0.3333333333333333,
      "pre_test_accuracy": 0.4,
      "accuracy_deviation": 0.06666666666666671,
      "num_runs": 2,
      "run1": {
        "run_id": 1,
        "post_test_accuracy": 0.4,
        "learning_gain": 0.0,
        "improvement": 0.0
      },
      "run2": {
        "run_id": 2,
        "post_test_accuracy": 0.7,
        "learning_gain": 0.4999999999999999,
        "improvement": 0.29999999999999993
      },
      "best_run": 2,
      "best_post_test_accuracy": 0.7,
      "best_learning_gain": 0.4999999999999999,
      "best_improvement": 0.29999999999999993
    },
    {
      "student_id": 2641,
      "dataset": "nips_task34",
      "concept_text": "BIDMAS",
      "concept_id": "4",
      "original_accuracy": 0.3333333333333333,
      "pre_test_accuracy": 0.3,
      "accuracy_deviation": 0.033333333333333326,
      "num_runs": 2,
      "run1": {
        "run_id": 1,
        "post_test_accuracy": 0.3,
        "learning_gain": 0.0,
        "improvement": 0.0
      },
      "run2": {
        "run_id": 2,
        "post_test_accuracy": 0.9,
        "learning_gain": 0.8571428571428573,
        "improvement": 0.6000000000000001
      },
      "best_run": 2,
      "best_post_test_accuracy": 0.9,
      "best_learning_gain": 0.8571428571428573,
      "best_improvement": 0.6000000000000001
    },
    {
      "student_id": 2173,
      "dataset": "nips_task34",
      "concept_text": "Solving Linear Inequalities",
      "concept_id": "13",
      "original_accuracy": 0.42857142857142855,
      "pre_test_accuracy": 0.5,
      "accuracy_deviation": 0.07142857142857145,
      "num_runs": 2,
      "run1": {
        "run_id": 1,
        "post_test_accuracy": 0.6,
        "learning_gain": 0.19999999999999996,
        "improvement": 0.09999999999999998
      },
      "run2": {
        "run_id": 2,
        "post_test_accuracy": 0.6,
        "learning_gain": 0.19999999999999996,
        "improvement": 0.09999999999999998
      },
      "best_run": 1,
      "best_post_test_accuracy": 0.6,
      "best_learning_gain": 0.19999999999999996,
      "best_improvement": 0.09999999999999998
    },
    {
      "student_id": 1420,
      "dataset": "nips_task34",
      "concept_text": "Prime Numbers and Prime Factors",
      "concept_id": "3",
      "original_accuracy": 0.14285714285714285,
      "pre_test_accuracy": 0.2,
      "accuracy_deviation": 0.05714285714285716,
      "num_runs": 2,
      "run1": {
        "run_id": 1,
        "post_test_accuracy": 0.3,
        "learning_gain": 0.12499999999999997,
        "improvement": 0.09999999999999998
      },
      "run2": {
        "run_id": 2,
        "post_test_accuracy": 0.5,
        "learning_gain": 0.37499999999999994,
        "improvement": 0.3
      },
      "best_run": 2,
      "best_post_test_accuracy": 0.5,
      "best_learning_gain": 0.37499999999999994,
      "best_improvement": 0.3
    },
    {
      "student_id": 598,
      "dataset": "nips_task34",
      "concept_text": "Linear Sequences (nth term)",
      "concept_id": "28",
      "original_accuracy": 0.2,
      "pre_test_accuracy": 0.2,
      "accuracy_deviation": 0.0,
      "num_runs": 2,
      "run1": {
        "run_id": 1,
        "post_test_accuracy": 0.4,
        "learning_gain": 0.25,
        "improvement": 0.2
      },
      "run2": {
        "run_id": 2,
        "post_test_accuracy": 0.5,
        "learning_gain": 0.37499999999999994,
        "improvement": 0.3
      },
      "best_run": 2,
      "best_post_test_accuracy": 0.5,
      "best_learning_gain": 0.37499999999999994,
      "best_improvement": 0.3
    },
    {
      "student_id": 1293,
      "dataset": "nips_task34",
      "concept_text": "Types, Naming and Estimating",
      "concept_id": "15",
      "original_accuracy": 0.25,
      "pre_test_accuracy": 0.3,
      "accuracy_deviation": 0.04999999999999999,
      "num_runs": 2,
      "run1": {
        "run_id": 1,
        "post_test_accuracy": 0.5,
        "learning_gain": 0.28571428571428575,
        "improvement": 0.2
      },
      "run2": {
        "run_id": 2,
        "post_test_accuracy": 0.4,
        "learning_gain": 0.1428571428571429,
        "improvement": 0.10000000000000003
      },
      "best_run": 1,
      "best_post_test_accuracy": 0.5,
      "best_learning_gain": 0.28571428571428575,
      "best_improvement": 0.2
    },
    {
      "student_id": 2114,
      "dataset": "nips_task34",
      "concept_text": "Multiples and Lowest Common Multiple",
      "concept_id": "1",
      "original_accuracy": 0.4444444444444444,
      "pre_test_accuracy": 0.4,
      "accuracy_deviation": 0.0444444444444444,
      "num_runs": 2,
      "run1": {
        "run_id": 1,
        "post_test_accuracy": 0.8,
        "learning_gain": 0.6666666666666667,
        "improvement": 0.4
      },
      "run2": {
        "run_id": 2,
        "post_test_accuracy": 0.9,
        "learning_gain": 0.8333333333333334,
        "improvement": 0.5
      },
      "best_run": 2,
      "best_post_test_accuracy": 0.9,
      "best_learning_gain": 0.8333333333333334,
      "best_improvement": 0.5
    },
    {
      "student_id": 137,
      "dataset": "nips_task34",
      "concept_text": "Construct Triangle",
      "concept_id": "20",
      "original_accuracy": 0.3333333333333333,
      "pre_test_accuracy": 0.3,
      "accuracy_deviation": 0.033333333333333326,
      "num_runs": 2,
      "run1": {
        "run_id": 1,
        "post_test_accuracy": 0.6,
        "learning_gain": 0.4285714285714286,
        "improvement": 0.3
      },
      "run2": {
        "run_id": 2,
        "post_test_accuracy": 0.5,
        "learning_gain": 0.28571428571428575,
        "improvement": 0.2
      },
      "best_run": 1,
      "best_post_test_accuracy": 0.6,
      "best_learning_gain": 0.4285714285714286,
      "best_improvement": 0.3
    }
  ]
}